metabolite,local_sample_id,butyrate_intensity_norm,butyrate_log1p_norm,median_norm_factor,subject_id,time_hr
butyrate,SM-5Q4W7,242703112809.1216,26.215104775349175,1.9221652932276142e-05,,
butyrate,SM-5QVZ9,9845051107.540247,23.010234740343503,0.0008860389757976013,,
butyrate,SM-5QVZD,6820151.35786662,15.735392369433255,0.8236556207100323,,
butyrate,SM-5U5DE,6028136.352064759,15.611948624146564,0.7749443156507114,,
butyrate,SM-5WXZX,9196240.858400404,16.03430546491088,0.7335632139123207,,
butyrate,SM-5XHHR,4548483.584086627,15.330304677008352,0.7623437428974045,,
butyrate,SM-5ZNHM,865168.1792825735,13.670680349775791,1.1049736026962265,,
butyrate,SM-5ZNHS,8883430.975340629,15.999698524012292,1.400074029338996,,
butyrate,SM-5ZZL9,5498378.402655712,15.519963952721064,1.0211243368205047,,
butyrate,SM-61N7T,2559437.807271543,14.755298576514871,0.582192697070646,,
butyrate,SM-61NJ9,4102870.1674895277,15.227197571343124,0.8228451942620768,,
butyrate,SM-61U3T,4850431.181135837,15.394578368456193,1.186843557824057,,
butyrate,SM-61YN5,592113.6161744224,13.291455503529196,1.590895690063834,,
butyrate,SM-62ARQ,7129495.661159828,15.779751195390832,1.2063470417486508,,
butyrate,SM-63ZAH,2943646.263532767,14.89515993627637,1.4780814712357055,,
butyrate,SM-64NA9,6110217.193502189,15.625473041394315,1.3956582442059056,,
butyrate,SM-65GXK,7731796.577408357,15.860851939118767,0.8674329352632912,,
butyrate,SM-67WTX,5624436.904127537,15.542631572906503,0.9783327813601917,,
butyrate,SM-689O4,5434883.511638876,15.508348829303197,1.0408940666134174,,
butyrate,SM-689SS,3628636.450516624,15.104367777792191,0.9143194820543791,,
butyrate,SM-69UMY,6413890.185329658,15.673976693910419,1.4949471729234445,,
butyrate,SM-6AXJO,10782046.482898494,16.19339303888857,1.530465670517491,,
butyrate,SM-6BKS1,16054893.986205695,16.591524344606484,0.8641262914548064,,
butyrate,SM-6BQPK,25490.529707583206,10.146101507636327,1.2781217328060366,,
butyrate,SM-6CAJC,5417539.587012406,15.505152504198904,0.9760807309423155,,
butyrate,SM-6CAJI,7527067.54596525,15.834016220653195,0.9353905697012201,,
butyrate,SM-6CAKR,5248647.923397662,15.473481253523893,0.7980180917314423,,
butyrate,SM-6DRTP,3085297.6039568353,14.942159002843992,0.7150208126343405,,
butyrate,SM-6EFPD,6190606.666598095,15.638543808921362,0.5050723084815544,,
butyrate,SM-6FNVI,3687561.612400554,15.120476259120109,0.8459579331528057,,
butyrate,SM-6FNW6,3404910.5002674432,15.040729506117092,0.9178235374335197,,
butyrate,SM-6GH65,2684240.1641537175,14.802908625553503,0.5344853337489366,,
butyrate,SM-6HUBR,5417590.020503534,15.50516181345198,0.6533855434987305,,
butyrate,SM-6HUG5,3179213.175599424,14.972144609627142,0.6444786451332204,,
butyrate,SM-6J3OB,94270.6662036936,11.453935959037155,0.47595929685115557,,
butyrate,SM-6JWO4,2607521.8998102928,14.773911248104326,0.7681362139837525,,
butyrate,SM-6KUC9,5028145.883156383,15.430562061303846,0.9180741981778393,,
butyrate,SM-6KUCD,2080622.9788383367,14.548178396515674,1.503890436578286,,
butyrate,SM-6KUCH,5910001.4096707655,15.592156797109908,1.0201242913638933,,
butyrate,SM-6KUCT,3309068.117300707,15.01217747435581,1.392289259901424,,
butyrate,SM-6KUD2,5828224.827664682,15.578223194287885,1.4581117323514705,,
butyrate,SM-6M2VX,4802366.471199707,15.38461957745016,1.0363821732156657,,
butyrate,SM-6M48S,3843404.6953073856,15.161869431320284,1.8449280162085289,,
butyrate,SM-6MSSO,3260527.02010062,14.99739970958329,1.5001188365704934,,
butyrate,SM-6MSSW,4377991.494652576,15.292100842731035,0.6156903235861371,,
butyrate,SM-6MYZ2,2965900.920442926,14.9026917331774,0.4394823141311618,,
butyrate,SM-6OLSC,6277931.427923325,15.652551253013483,0.943284435006786,,
butyrate,SM-6OOEJ,3950832.3512739968,15.189437089631284,1.140342742851948,,
butyrate,SM-6OSOU,4936597.879180884,15.412187166053009,1.3093582175813185,,
butyrate,SM-6Q4FM,4724876.570526735,15.368352207574652,1.5257135064580858,,
butyrate,SM-6Q4FQ,7768075.137462385,15.865533090329361,0.8273713740234946,,
butyrate,SM-6RB9P,8347600.785518925,15.93748484425887,1.5869708363367165,,
butyrate,SM-6SF6T,4308470.715195133,15.27609380875591,1.7066048456748033,,
butyrate,SM-6SSMY,9028144.408917844,16.015857523227368,1.931368308949108,,
butyrate,SM-6TO52,8849498.856107961,15.99587150195304,0.7596137486768879,,
butyrate,SM-6WJN1,10410410.452100568,16.15831696450753,1.014861714493516,,
butyrate,SM-6WOC1,7412412.233095143,15.818666616734973,1.0050976343080529,,
butyrate,SM-6WU1I,7220664.234535909,15.792457644371943,0.810418655393427,,
butyrate,SM-6X9W2,6191857.532911522,15.638745847238694,1.1835693830239036,,
butyrate,SM-6X9W6,4512751.544451622,15.322417845586706,0.9007136688031274,,
butyrate,SM-6X9WA,5630274.704633965,15.543668969544553,0.6232919678167189,,
butyrate,SM-6X9WE,3236159.8511880566,14.989898262720004,1.3900333132025482,,
butyrate,SM-6X9WM,7542475.072906982,15.836061077707635,0.7431974180644575,,
butyrate,SM-6X9WU,3436775.8286864934,15.050044621715212,0.6414369484327209,,
butyrate,SM-6XJTB,8075742.1044711955,15.904375448160435,0.6978317196236192,,
butyrate,SM-6XJTF,1685284.4196548564,14.337445495943186,0.8262700252608884,,
butyrate,SM-6XJTN,3275986.9438347747,15.00213004380021,0.7231081932295624,,
butyrate,SM-6XJUC,2451559.4745309534,14.712235308148099,0.9122258803971609,,
butyrate,SM-6XNM3,12604974.195389567,16.349602150763236,0.9614995486807842,,
butyrate,SM-6XRKG,8631149.08893111,15.970888320568744,1.144290974265064,,
butyrate,SM-6XSL6,3186938.593391189,14.974571639153696,1.612992798373952,,
butyrate,SM-6XSLI,3132456.8778682235,14.957328518852126,1.2947536576337886,,
butyrate,SM-6XTSQ,3652358.0964498706,15.110883844573305,0.5823355607073049,,
butyrate,SM-6XTSU,3526782.8934806865,15.075896935291274,0.9917437805614541,,
butyrate,SM-6XTSY,14902018.648956908,16.517007308639894,1.13927256433734,,
butyrate,SM-6Y2UL,8206086.134837599,15.920386770358018,0.9771794821842551,,
butyrate,SM-6Y87V,4151646.100035868,15.239015705041162,0.8617820290532686,,
butyrate,SM-6YAZN,4807249.958849386,15.385635952471837,0.8748748319728819,,
butyrate,SM-6YAZR,1755105.3596542506,14.378040016837364,1.0619989220289234,,
butyrate,SM-6ZEU8,3629253.6008197395,15.104537841028248,0.9781821251615334,,
butyrate,SM-6ZEUG,3011870.5527105127,14.918072221810156,1.1006708097121298,,
butyrate,SM-6ZEV1,4379703.339523608,15.29249177768237,1.7459403998883065,,
butyrate,SM-6ZEVH,2334731.395038008,14.663407836537928,1.0883221964634757,,
butyrate,SM-6ZEVL,3770878.870870173,15.142818919692287,0.8158474735864617,,
butyrate,SM-6ZJI5,5412255.46737752,15.504176655800697,2.0328911054398575,,
butyrate,SM-6ZJI9,13096239.512764446,16.387835763225223,2.507128246089108,,
butyrate,SM-6ZKSA,2439503.7969252905,14.707305624592026,0.8611066736799725,,
butyrate,SM-6ZKT1,7844955.669698426,15.87538142083235,1.665275694349743,,
butyrate,SM-6ZKY3,5961482.911535845,15.600829986497155,1.1701947491119726,,
butyrate,SM-6ZT2N,5233466.490293952,15.47058461640987,1.068869364191879,,
butyrate,SM-6ZT2V,4548099.393686166,15.330220207858307,1.1967258251998467,,
butyrate,SM-6ZT3C,5771740.970186574,15.568484494166778,1.5192573688414408,,
butyrate,SM-6ZT3G,17323.712196629018,9.759889211892938,1.0593572435110687,,
butyrate,SM-6ZT3W,4012073.728391352,15.204819054109677,0.9854006350938029,,
butyrate,SM-6ZUH2,7055002.936998438,15.769247701312615,1.6517348191151546,,
butyrate,SM-71WX9,840622.7869357822,13.64189949872093,1.761051476365809,,
butyrate,SM-71WXD,2750568.612208423,14.827318579906096,0.566804984642159,,
butyrate,SM-71WXH,4508311.885672832,15.32143355849299,1.0258336417889125,,
butyrate,SM-71WXX,10243129.873618474,16.142117880220624,0.8013104491762613,,
butyrate,SM-71WY2,4158897.9734355113,15.240760927358968,0.7194288052054314,,
butyrate,SM-71ZV9,5721611.634226269,15.559761252681987,1.240092731487795,,
butyrate,SM-727GQ,13900096.099257581,16.447406383634622,1.0681602410499178,,
butyrate,SM-72PGN,3263142.670827621,14.998201604893502,0.4319884670082406,,
butyrate,SM-72PHS,1714108.2484864122,14.354404115015516,0.6190956731799497,,
butyrate,SM-72XGS,5729695.8803155,15.561173186823144,0.795308877676258,,
butyrate,SM-72ZHG,9143654.10155747,16.028570765193088,0.5043372101329281,,
butyrate,SM-72ZHO,14844943.292062107,16.51316991353315,1.218213814913665,,
butyrate,SM-734R8,11412899.36800771,16.2502548848041,1.7478300961732027,,
butyrate,SM-73BMX,9845603.340634642,16.10253565371067,0.8962212568103745,,
butyrate,SM-73BN6,3195826.954069587,14.97735675277652,1.1436792581480977,,
butyrate,SM-73JXD,1994694.986395603,14.506002208922277,0.786164306169761,,
butyrate,SM-74Y71,8017989.7364869,15.897198416844299,1.1046060535219133,,
butyrate,SM-74Y7D,5257439.339371356,15.475154838776367,0.9166715370179164,,
butyrate,SM-74Y93,5226692.826374746,15.469289480577645,0.7269681089400167,,
butyrate,SM-76C9O,10474634.401587091,16.16446721663565,0.5867409557577292,,
butyrate,SM-76CAL,1685765.1390176394,14.33773070034168,1.3814160383913554,,
butyrate,SM-76CAT,3329646.8534106757,15.018377106638207,0.8754423902385173,,
butyrate,SM-76ENW,3308690.2627809397,15.012063280278516,1.14151422467255,,
butyrate,SM-76EO1,3546446.2115635835,15.081456874856398,0.7237783535615255,,
butyrate,SM-76EO9,3414400.422623019,15.043512756743368,0.7999571409090024,,
butyrate,SM-76EOD,4124171.9431361584,15.232376059014722,0.5294500399368802,,
butyrate,SM-76LBZ,6864366.9942356,15.741854530926663,0.7743806536660758,,
butyrate,SM-77FXF,3794618.3143215845,15.14909465134851,1.0831115700064289,,
butyrate,SM-77FXR,6753819.127699117,15.72561884760664,1.1530264362665836,,
butyrate,SM-77FXZ,7329469.582533784,15.8074138451335,0.7011851188041015,,
butyrate,SM-77FYC,7768645.148254251,15.865606466268204,1.146993694518582,,
butyrate,SM-77M5K,1632354.5256846072,14.30553463740153,1.371594812751229,,
butyrate,SM-77M65,5527812.962793501,15.525302990244226,0.8856207749702909,,
butyrate,SM-77M69,220360.65377942394,12.303025356456947,1.1662789867071879,,
butyrate,SM-77VQ3,1198734.3490960044,13.996777683287375,0.8119446987850097,,
butyrate,SM-787I4,8570565.716927996,15.963844416383868,1.0855792146396264,,
butyrate,SM-791B3,6541196.156700593,15.693630758164774,1.1576162552843312,,
butyrate,SM-791B7,6133993.531069192,15.629356732079346,1.1295370568792087,,
butyrate,SM-79RAY,13879610.162325408,16.44593149840884,0.9703973557239615,,
butyrate,SM-7AA1S,4517566.91948824,15.323484336086633,0.9093543213003188,,
butyrate,SM-7AA21,4772243.932222844,15.378327387836416,0.6958757865617269,,
butyrate,SM-7AK5U,7360954.520159011,15.811700308386941,1.1575383296643353,,
butyrate,SM-7AK5Y,4298676.494929525,15.273817974039009,1.4413096699200614,,
butyrate,SM-7AMI9,4058092.9326341823,15.21622394661951,2.4170163578863972,,
butyrate,SM-7AMIH,8256731.668454492,15.926539506522587,1.649034696382303,,
butyrate,SM-7B7LB,1676396.115545184,14.332157474407131,1.7035657464949705,,
butyrate,SM-7BF15,27408.370416189668,10.218640219904605,1.4771035047047594,,
butyrate,SM-7BF1T,12779464.560879435,16.36335018764171,0.533247615151338,,
butyrate,SM-7BF22,3409748.63714815,15.042149426373147,1.140036235413298,,
butyrate,SM-7BF2I,7004643.174870835,15.762083940584551,1.0959978700330535,,
butyrate,SM-7BF2M,718404.6143796709,13.484789611056058,1.2456462306728229,,
butyrate,SM-7BF2Q,4179814.47230689,15.245777658145377,0.9263356126577182,,
butyrate,SM-7BP4V,3920390.516372066,15.181702083404835,0.9412246011182327,,
butyrate,SM-7BP5C,4848637.061322116,15.394208411380033,0.9315085750651003,,
butyrate,SM-7BP5K,4951480.516115803,15.415197385949716,1.0989551473118908,,
butyrate,SM-7CM7M,49846150.31032997,17.724451845982,0.7866513412947341,,
butyrate,SM-7CP2F,4802603.188989547,15.384668868129667,1.6346249504847623,,
butyrate,SM-7CP2V,9428919.185790848,16.059292139653355,1.1099075932022884,,
butyrate,SM-7CP2Z,5026319.561329058,15.430198775658436,1.0114836388667017,,
butyrate,SM-7CP34,9865522.939230423,16.104556806948988,0.8491476885312969,,
butyrate,SM-7CP3G,4387521.535992621,15.294275283151642,0.7674179995194587,,
butyrate,SM-7CRWL,1512251.9504017164,14.229111116968557,1.259265031527407,,
butyrate,SM-7CRWP,4327530.289977881,15.28050779650385,1.2583260278064587,,
butyrate,SM-7CRWX,3923138.6251172344,15.18240281597236,0.9596579065282188,,
butyrate,SM-7CRX2,3010893.997040691,14.917747933737454,0.7798770073964401,,
butyrate,SM-7D34K,5468394.8375200275,15.514495865851774,1.2880494567934906,,
butyrate,SM-7D34O,4142768.12475077,15.236874992919926,1.22460631327398,,
butyrate,SM-7DGUW,1786543.6606370583,14.395793955090344,0.4324456306455488,,
butyrate,SM-7DGV1,9427608.068693204,16.059153077254113,0.9852837466638094,,
butyrate,SM-7DGV5,10609298.935398309,16.177241526829715,0.7276083977843149,,
butyrate,SM-7DN33,6480086.812811243,15.684244619596399,1.0296416070860364,,
butyrate,SM-7DN37,7137672.8399965465,15.780897488516219,0.9024566051703649,,
butyrate,SM-7DN3V,1532433.0753824587,14.242367928172246,0.5058074068301806,,
butyrate,SM-7E5ED,22244359.779988,16.917599086362703,0.8007896462826233,,
butyrate,SM-7E5EH,3844619.0615478368,15.162185342397837,0.7161052775126142,,
butyrate,SM-7ED9N,3508781.675528645,15.070779719198734,0.5915905268421292,,
butyrate,SM-7ED9R,5781940.757426111,15.570250128423314,1.0835375633957387,,
butyrate,SM-7EDA4,5247833.971056522,15.4733261630477,1.9185599345424793,,
butyrate,SM-7EDA8,8361909.344143272,15.93919746902142,0.9284006415876046,,
butyrate,SM-7EDAC,5996925.5975158345,15.606757662208445,1.1634736643873422,,
butyrate,SM-7EWUS,4354849.162868887,15.286800761906214,1.1507588007247083,,
butyrate,SM-7F1RS,1173564.1247991356,13.975556788940546,0.9375491093751015,,
butyrate,SM-7F1RW,10713541.047322633,16.187019111119806,1.0910132278739944,,
butyrate,SM-7F43P,3426861.333189684,15.04715562881837,1.4254959641022644,,
butyrate,SM-7FHYA,5921046.77671652,15.594023980509652,0.6812452514075316,,
butyrate,SM-7FK3W,5155619.501772922,15.455598037107563,1.1596319313215535,,
butyrate,SM-7FK4D,9100796.697023872,16.023872626658864,1.0468190112537583,,
butyrate,SM-7FVSS,50572326.41955947,17.73891509571788,0.9063814588974823,,
butyrate,SM-7GCHC,12246946.43461493,16.320787274891245,1.0456514257141558,,
butyrate,SM-7GCHK,12670966.603746941,16.35482391905352,0.9887644243569513,,
butyrate,SM-7GFUX,2307599.8125611087,14.651718933488707,0.6535413947387219,,
butyrate,SM-7GYHH,15947453.197754104,16.584809763029792,1.1229068853779067,,
butyrate,SM-7GYHL,7662015.957807636,15.851785817475422,2.06084692161332,,
butyrate,SM-7GYIA,3269623.308062521,15.000185645772259,1.0330131889111842,,
butyrate,SM-7GYJN,4500776.151986856,15.319760640271067,0.6434461306682772,,
butyrate,SM-7GYJZ,5214904.626077154,15.467031549623764,0.9516250738669939,,
butyrate,SM-7H4GS,2213464.5390895065,14.610069962516993,1.1970076561921645,,
butyrate,SM-7H4H1,8821696.156623349,15.99272483085822,0.9216341002513101,,
butyrate,SM-7H4HL,5022084.5746804,15.429355858514743,0.8648587922827661,,
butyrate,SM-7HAI4,4805288.25261083,15.385227796828763,1.8020169747975556,,
butyrate,SM-7HNM8,2269570.3404850746,14.635101534834957,0.916114368834947,,
butyrate,SM-7HXJO,8533996.540121183,15.959568454485511,1.0790204749566539,,
butyrate,SM-7HXJW,1661764.4116189973,14.323391096191497,1.0224204996331,,
butyrate,SM-7I1FM,549084.0805082354,13.216008682087843,0.7130674770931146,,
butyrate,SM-7I1FQ,7523463.162914845,15.833537249816876,1.1938179008136733,,
butyrate,SM-7I1G3,1475535.852659353,14.204532449440453,1.178399018137188,,
butyrate,SM-7I1G7,2414944.631621198,14.69718733202914,0.9416025403752118,,
butyrate,SM-7I1GX,8689967.532419326,15.977679876109509,0.7400323391322983,,
butyrate,SM-7I1H2,7741801.275958144,15.862145070651021,0.866569259641672,,
butyrate,SM-7I9G4,3512770.64851315,15.071915927288725,1.1333632048209983,,
butyrate,SM-7I9GC,2963485.5595304156,14.90187702486329,0.9455598631106609,,
butyrate,SM-7IKZB,4982024.745468184,15.421347142488258,1.1894800413005786,,
butyrate,SM-7IKZF,5619858.068113785,15.541817144707364,1.340655744092264,,
butyrate,SM-7IKZN,6671610.114428252,15.713371935115216,1.5055203807965296,,
butyrate,SM-7IL14,936676.5140995608,13.750094333463972,0.44352665380893935,,
butyrate,SM-7IL1G,2005606.584821796,14.511457607640867,1.1045047502159189,,
butyrate,SM-7IL1K,1728838.2797182682,14.362960804716254,0.5011903138454346,,
butyrate,SM-7IL1O,3542594.7885917276,15.080370290009697,0.9772574078042509,,
butyrate,SM-7IL1S,4919287.380147703,15.408674439826019,0.8715668894040638,,
butyrate,SM-7IWEO,7591687.513058855,15.842564590118686,0.6698252517971596,,
butyrate,SM-7IWES,5516668.794741849,15.523284938141767,0.6975758638379667,,
butyrate,SM-7IWEW,1267611.5256461164,14.052645788137047,0.7522809478352912,,
butyrate,SM-7IWF5,6373354.789088134,15.667636700305701,0.7402024767359555,,
butyrate,SM-7IWF9,6950770.388686127,15.75436320255977,1.184279804926198,,
butyrate,SM-7IWFL,1431847.3454359893,14.174476716869354,1.742138928392849,,
butyrate,SM-7J5TO,6007787.8592684595,15.60856732854433,0.6891300253907645,,
butyrate,SM-7J5TW,8941802.90618758,16.00624790601062,0.8270817504691772,,
butyrate,SM-7J5U1,14361384.388294008,16.48005359243883,1.617648854168696,,
butyrate,SM-7J5UD,9653515.99366696,16.082832862219743,1.0614781191352853,,
butyrate,SM-7K1UO,3368746.0721789896,15.030051444527079,2.008248426876546,,
butyrate,SM-7K1UW,8409528.39409875,15.944876072487919,0.6347171624684239,,
butyrate,SM-7K1V1,20488635.80065111,16.835380988019,1.0085107764638652,,
butyrate,SM-7K1V5,4113063.535897749,15.22967893780129,1.937155584994123,,
butyrate,SM-7K1V9,5644638.61742935,15.546216912505717,1.4017299487639048,,
butyrate,SM-7K1VZ,5931545.537739371,15.59579553591602,0.7723519900255207,,
butyrate,SM-7K1W8,3527584.28034613,15.07612413827687,0.9622216594260778,,
butyrate,SM-7K1WG,1399504.4334486432,14.151629470351432,0.8439916100082471,,
butyrate,SM-7K259,4164634.705721158,15.242139364144572,1.182495308228296,,
butyrate,SM-7KMR8,6455458.672093092,15.680436791515682,0.9583968102446215,,
butyrate,SM-7M36P,3396308.0658541135,15.03819983106329,1.2531218951510783,,
butyrate,SM-7M8S2,5857488.560375301,15.583231667096225,1.4185618826829791,,
butyrate,SM-7M8SE,2197789.723528554,14.602963197187325,0.756975966440033,,
butyrate,SM-7MCTQ,4444075.476613918,15.307082638552613,1.1567512809023788,,
butyrate,SM-7MCUF,1439121.2119437025,14.179543910646688,1.6650730877377544,,
butyrate,SM-7NH6E,9845625.756932128,16.10253793049036,2.173491002837791,,
butyrate,SM-7NSP1,2382560.8263781965,14.683686864384999,1.383387556577247,,
butyrate,SM-7R3AC,3451658.7767752795,15.054365768036055,1.4902846233270344,,
butyrate,SM-7R3AG,12003499.674857097,16.30070888811418,1.0297039475820329,,
butyrate,SM-7RFYJ,3686009.192824985,15.120055182488871,0.6871559096842065,,
butyrate,SM-9HYXZ,3574232.308359312,15.08926125191039,0.6290805426220673,,
butyrate,SM-9IMBZ,7004165.305750793,15.762015716502159,1.7155273291643127,,
butyrate,SM-9IT11,4688493.696865916,15.360622128747206,0.8676680108836116,,
butyrate,SM-9J5IT,2681382.8341850964,14.801843575260348,0.9362217763145078,,
butyrate,SM-9J5IX,11745577.033346834,16.278987390134176,1.269946036508153,,
butyrate,SM-9JUD6,6920264.72836859,15.749964726909853,0.8649432117044281,,
butyrate,SM-9JYA2,6266419.171103398,15.650715803960056,1.026015468235569,,
butyrate,SM-9JYAI,4065339.944844803,15.218008170717436,1.519630113057087,,
butyrate,SM-9KOMO,7585191.637117104,15.841708567557246,1.5369257044151357,,
butyrate,SM-9KOPV,16081202.849755693,16.593161685191095,0.8867260200138968,,
butyrate,SM-9NBDO,5998669.159816314,15.607048362595933,1.4121317202729995,,
butyrate,SM-9NBE1,9653002.242430374,16.08277964172942,1.033483340151825,,
butyrate,SM-9NBEP,4265752.718088456,15.266129445003374,1.2907002266336782,,
butyrate,SM-9NBF6,4416391.824954817,15.300833817909176,1.3754105706103523,,
butyrate,SM-9O9R1,8561021.83074413,15.962730230552527,0.8238880988096862,,
butyrate,SM-9OS5Y,6065728.829788611,15.618165427793135,0.8025221925671946,,
butyrate,SM-9OS63,4665430.175754294,15.355690815806819,2.1417752754995356,,
butyrate,SM-9OS67,14072.595991930346,9.552055696126857,1.3396959602059835,,
butyrate,SM-9OS6B,7471229.446910586,15.82657026200633,1.7244420200918225,,
butyrate,SM-9OS7N,2671536.7679780666,14.798164807647828,0.866896547245654,,
butyrate,SM-9OS7Z,2976539.3964902754,14.90627224329275,0.8035183417428065,,
butyrate,SM-9OS8G,8741932.262156846,15.983641920214376,1.0334820413914918,,
butyrate,SM-9OS8K,5712539.066385304,15.558174327969244,1.1259849473677375,,
butyrate,SM-9P5FG,4997832.6358141145,15.4245151036714,0.9279720506776282,,
butyrate,SM-9P5FO,7278870.026152127,15.800486329321647,1.30436578286026,,
butyrate,SM-9P5FW,1087104.3233730204,13.899029055036896,1.5729805900268194,,
butyrate,SM-9PJ16,3327007.755301503,15.017584186587625,1.526835635386024,,
butyrate,SM-9PJ1E,8588258.543036751,15.965906659116687,0.658029910450475,,
butyrate,SM-9PJ1I,20186662.753304623,16.82053273410424,0.9155247316436461,,
butyrate,SM-9PPUW,3019548.6120926114,14.920618243160641,1.3769041449936037,,
butyrate,SM-9QMN9,6923359.359548602,15.750411810818637,1.3027929840966797,,
butyrate,SM-9QMND,2067958.536505784,14.542072947932466,0.5612423941347984,,
butyrate,SM-9QMNL,2161223.2064488255,14.586185381356113,1.1994272466930316,,
butyrate,SM-9QMOR,8427859.559357304,15.947053508842592,0.8712876559324125,,
butyrate,SM-9QMQ9,3321516.7853414305,15.015932400684397,0.6394316624781646,,
butyrate,SM-9QVJX,7550008.751586172,15.837059412825191,1.0419252823180274,,
butyrate,SM-9QVK2,5395221.054262386,15.501024315097489,0.8869286266258856,,
butyrate,SM-9QXOC,5967240.779166792,15.601795365067744,0.9560096887520861,,
butyrate,SM-9R78F,8148689.011806249,15.913367737550132,1.784190190463203,,
butyrate,SM-9RD3C,8419431.846215907,15.94605302601826,1.1912164838661499,,
butyrate,SM-9RD3K,1836183.0606106406,14.423200096015044,1.667135519146974,,
butyrate,SM-9RRZH,4635601.8473144155,15.34927681266999,1.8245179975713182,,
butyrate,SM-9RRZL,6699403.165789382,15.717529149927449,1.0397563525614801,,
butyrate,SM-9RRZP,1730110.5866179073,14.363696465329072,0.9968998590845038,,
butyrate,SM-9RTUR,3693153.2232432324,15.121991453927597,0.6409641996714136,,
butyrate,SM-9RTUZ,2442956.0441475455,14.708719766846464,0.7333476196969992,,
butyrate,SM-9RTV8,4195273.500107687,15.249469330810049,0.7236302948835337,,
butyrate,SM-9RYI7,6660350.784382661,15.711682861599497,0.9567889449520433,,
butyrate,SM-9SD8V,5783878.81387552,15.570585263537685,0.8750930237088699,,
butyrate,SM-9SIIW,13320995.876203714,16.40485206083194,0.8109732260557299,,
butyrate,SM-9SIJ5,3257988.6559132324,14.996620893158495,0.46784723980960174,,
butyrate,SM-9SIJB,3983132.00211133,15.197579254051993,0.8125979752326404,,
butyrate,SM-9SIZI,3462356.428515206,15.057460252749896,0.7920126239504393,,
butyrate,SM-9SIZM,8982549.838107599,16.010794457637356,0.7605605449598358,,
butyrate,SM-9SKIL,3724313.435223877,15.130393348622377,0.9821485392193151,,
butyrate,SM-9SNJ4,4050883.197577293,15.214445735643748,1.1482794672485113,,
butyrate,SM-9SNJ8,1140189.9444166725,13.946706301447284,0.982073211119986,,
butyrate,SM-9T55H,5992080.887871122,15.605949470285932,0.9667075776171644,,
butyrate,SM-9T55L,2322086.4068242484,14.657977083435997,0.940006363925633,,
butyrate,SM-9U25X,2919748.2417025603,14.887008294427638,1.1060087146818363,,
butyrate,SM-9U262,99939.39027473971,11.512329189981022,1.1607735416544909,,
butyrate,SM-9U26Q,6890991.971746916,15.745725750421094,1.3936360743670166,,
butyrate,SM-9UCZF,4645576.762731739,15.351426306290907,1.3246719006708096,,
butyrate,SM-9UW5S,6797180.721442229,15.732018631507982,1.5853525809614724,,
butyrate,SM-9VE4Y,12998081.078848558,16.38031237214557,1.3780288714422084,,
butyrate,SM-9VW8T,2903898.2646441287,14.881564965841738,0.7571305189196912,,
butyrate,SM-9VW8X,1892730.9901476887,14.453531840742732,0.6088900144811777,,
butyrate,SM-9VWAW,3237221.545146727,14.990226280976668,0.8457657166234829,,
butyrate,SM-9VWC6,39212.96234919709,10.576788144738146,1.03412233023579,,
butyrate,SM-9VWCE,2860303.6497838954,14.866438698026547,0.5336762060613145,,
butyrate,SM-9VWCQ,5730124.23711268,15.561247944841723,1.5024007584760346,,
butyrate,SM-9W3AD,8506694.131594248,15.956364073957701,0.5026007675673569,,
butyrate,SM-9W3AZ,267832.28766618203,12.498120004985726,0.6199476599585696,,
butyrate,SM-9W3B4,3043187.9285721174,14.928416513239089,0.8080808867935555,,
butyrate,SM-9W7VZ,2664566.8783282326,14.795552455466073,1.0184878533439832,,
butyrate,SM-9W7W4,5685305.61291832,15.553395617383174,0.9908658185761691,,
butyrate,SM-9W7W8,2531207.256748916,14.744207318540084,1.1863915892280819,,
butyrate,SM-9WOBD,1621895.6792994442,14.299106812059815,1.000809127687622,,
butyrate,SM-9WOBP,65372.11286628192,11.087866334660442,0.8380484827232406,,
butyrate,SM-9WOBT,2848977.2194309123,14.862470968463427,0.6371848071016215,,
butyrate,SM-9WYEF,3377151.5728822993,15.032543478353722,0.9006747059931296,,
butyrate,SM-9X47O,1912393.7060799631,14.463866787522747,0.9970609053658284,,
butyrate,SM-9XIOJ,863394.2865014821,13.668627902859381,0.2734046352756294,,
butyrate,SM-9XIOX,7546036.884835898,15.836533200012727,0.3995947867760223,,
butyrate,SM-9XKWX,8734558.737007659,15.982798098105782,0.9971362334651576,,
butyrate,SM-9Y49Z,21367.89869291645,9.969691811791781,1.1212146006636665,,
butyrate,SM-9Y4AC,1564160.519345589,14.262860467993947,1.001918269012228,,
butyrate,SM-9Y7CW,3867081.571138279,15.168010923125438,2.2651081542667524,,
butyrate,SM-9YHLB,2054332.4728760023,14.535462009202279,0.9983466780957576,,
butyrate,SM-9YTMA,3521502.181275991,15.074398496553817,1.0200022078925666,,
butyrate,SM-9ZA1W,2188257.233494584,14.598616458180812,1.367618008610781,,
butyrate,SM-9ZA5J,7433587.528577149,15.821519278371655,1.1609566668614808,,
butyrate,SM-9ZA5V,3660766.5733405896,15.113183402881456,0.5846499516211776,,
butyrate,SM-9ZE8H,3161860.6830311143,14.966671552287858,1.3486716928691564,,
butyrate,SM-9ZE8P,8045323.848623971,15.900601716539835,0.7049593163325606,,
butyrate,SM-9ZE8T,4865376.403350572,15.397654845793971,1.6534465852343938,,
butyrate,SM-9ZEPA,5011542.774930186,15.427254564304686,0.941320709382894,,
butyrate,SM-9ZGIF,2978721.95642818,14.907005228521541,1.1226042742202567,,
butyrate,SM-9ZJIA,6096792.72952506,15.623273572847271,0.9873461780730293,,
butyrate,SM-9ZJII,10650392.260334518,16.18110737529097,1.1857162338547855,,
butyrate,SM-9ZK9F,11158076.399701027,16.22767422406377,1.0920963939919346,,
butyrate,SM-A12KH,4216034.549300195,15.254405801164985,1.2042859090997642,,
butyrate,SM-A12KL,3229392.7440079614,14.98780498222829,0.6499178534089212,,
butyrate,SM-A12L2,5491344.493195737,15.518683864186158,1.638466683550551,,
butyrate,SM-A14C6,12815887.726475079,16.36619626586144,0.7978362652847857,,
butyrate,SM-A14CI,354546.8671231153,12.778598642984575,0.3716039040735618,,
butyrate,SM-A14CQ,6444519.287362379,15.678740759833868,0.9760417681323177,,
butyrate,SM-A18YS,2176767.4160996354,14.593351957020129,1.5302163085335048,,
butyrate,SM-A18Z1,1319881.0565445693,14.093052939467906,0.8555414856519452,,
butyrate,SM-A1C87,5160626.712590055,15.456568779785773,1.2644444877364556,,
butyrate,SM-A1ZUY,6722171.324809568,15.7209219228817,0.9074100770814257,,
butyrate,SM-A1ZVJ,5900453.479323872,15.590539936303136,0.8733098257713013,,
butyrate,SM-A2BG6,6502781.239495877,15.687740680129748,0.6945640386251323,,
butyrate,SM-A2HYM,8672139.891335538,15.975626249224185,0.9232939159572189,,
butyrate,SM-A2HYU,5063575.1759381415,15.437583545768527,1.041551239342048,,
butyrate,SM-A2HYY,9464638.412904225,16.063073245006482,0.6540790815166924,,
butyrate,SM-A312T,3001900.8137043444,14.914756583680083,0.4564311364802296,,
butyrate,SM-A373R,7719095.08293337,15.859207827442727,0.7265589994350392,,
butyrate,SM-A3744,2935489.4574598526,14.89238510374352,0.9797912892144448,,
butyrate,SM-A375P,5815295.466513571,15.576002325698692,1.4794997175196276,,
butyrate,SM-A3J7F,12159583.667814098,16.313628278311587,1.298271999376595,,
butyrate,SM-A47RS,10333063.967826456,16.150859502588556,1.06472891624944,,
butyrate,SM-A47S3,2226321.7665526527,14.615861798757694,1.0472372120810687,,
butyrate,SM-A4O3C,7215292.471394358,15.791713424538829,1.0249556798036275,,
butyrate,SM-A4UVT,5856433.76987276,15.583051575356574,1.8428136343859787,,
butyrate,SM-A5A1N,2271231.847242997,14.63583334654204,1.5281733585292838,,
butyrate,SM-A5A1R,2385048.7946340013,14.684730560339881,0.5499522705577526,,
butyrate,SM-A5A1V,3039176.708315649,14.927097546107559,1.2424019273603346,,
butyrate,SM-A5QMX,2097413.002380831,14.556215716426157,0.6638821245121531,,
butyrate,SM-A5QN2,3370314.6149989446,15.03051695224561,0.5724818660588469,,
butyrate,SM-A5QNE,1412905.2485596547,14.161159310250776,0.6650042534400914,,
butyrate,SM-A61QC,11585675.7401229,16.26528012934518,0.7186040923938101,,
butyrate,SM-A61QG,2726138.9629875855,14.81839723364309,1.0158513698674616,,
butyrate,SM-A62BX,6016429.313403158,15.610004670212566,1.25539212821362,,
butyrate,SM-A72E7,6514112.969474972,15.689481760746773,1.2271518835271733,,
butyrate,SM-A77UE,21180747.874483783,16.868603255136822,0.8321443182482321,,
butyrate,SM-A77UI,9835789.452485742,16.10153837795197,1.2028105173611787,,
butyrate,SM-A77UY,6844707.054219497,15.738986364841054,0.9995181599163598,,
butyrate,SM-A77WI,6198309.786438762,15.639787359092841,1.0727968154396628,,
butyrate,SM-A7J1H,504386.8920447483,13.131100878115372,0.5224263440545999,,
butyrate,SM-A7J1L,2080489.870723075,14.548114419374874,0.5309994610144617,,
butyrate,SM-A7J1X,7014433.112615611,15.763480600070348,0.5423129622775061,,
butyrate,SM-A8MJS,2914924.5101798293,14.885354823471038,1.814212334326885,,
butyrate,SM-A8XLM,6035087.889551745,15.613101141411386,1.0282181657607814,,
butyrate,SM-A9F53,6326730.568790927,15.660294320927582,0.7629996168657017,,
butyrate,SM-A9F5B,11111161.611864856,16.22346080167324,0.8263128843518861,,
butyrate,SM-A9F5R,1548546.380132967,14.252827875365448,1.1685881825797277,,
butyrate,SM-A9F6G,42555.36446510388,10.658584698964276,0.9348762606092484,,
butyrate,SM-A9F71,7825897.966855497,15.87294917173503,1.0128875987869579,,
butyrate,SM-A9F75,2541044.4721383573,14.748086157513436,0.9739195937477677,,
butyrate,SM-A9J97,977268.4916459206,13.792517728860153,1.3845642334391823,,
butyrate,SM-A9J9N,5403165.156066206,15.502495664910489,0.6845557914970161,,
butyrate,SM-A9VSE,4219910.639692294,15.255324747331441,1.4688329989025475,,
butyrate,SM-AADKW,2967313.011763351,14.903167728443112,0.3947062528816245,,
butyrate,SM-AADL1,3333080.5711575462,15.019407830785042,1.2568805075555383,,
butyrate,SM-AAHYA,4238630.100190195,15.259750921350928,1.1144246816413732,,
butyrate,SM-AAHYE,8243433.004294986,15.924927563164339,0.8609040670679836,,
butyrate,SM-ACTNE,5080619.372831866,15.440943932734742,1.497181040696655,,
butyrate,SM-ACTNU,14495277.817783296,16.48933355559845,1.2772087042917535,,
butyrate,SM-ACTNY,3128625.9688933273,14.956104798188147,0.7373789717714442,,
butyrate,SM-ACTOF,5669523.095348371,15.550615738380303,0.7262693758807218,,
butyrate,SM-ADDEW,4483360.428100307,15.315883641815153,0.7955166793295799,,
butyrate,SM-ADDF5,8157289.090766935,15.914422575064224,1.171084399940257,,
butyrate,SM-ADICO,7652495.586196547,15.850542503698573,1.3630749449650308,,
butyrate,SM-ADID5,12594796.303554568,16.348794374233595,1.1361061866448474,,
butyrate,SM-ADYKC,3748251.1860974873,15.136800205588484,1.6590299559070867,,
butyrate,SM-AE3QV,2600701.890567743,14.77129230898181,0.9654516763749001,,
butyrate,SM-AE3RC,5480658.118041502,15.516735928706371,1.1770223321839304,,
butyrate,SM-AEB6U,1252156.5821452104,14.040378687055165,0.6544141616826739,,
butyrate,SM-AF6M6,2418296.374658373,14.698574286324678,0.7337268577143117,,
butyrate,SM-AF6MI,7416236.472394614,15.81918240734333,1.230100069483678,,
butyrate,SM-AF6MY,3896144.898627196,15.175498391356328,0.6872208477008696,,
butyrate,SM-AF6NB,3905269.9796866896,15.177837731853895,1.6470021364607481,,
butyrate,SM-AFCK9,28080.30067306631,10.24285917733289,0.7415518887222147,,
butyrate,SM-AFCKD,2735447.1608262127,14.821805841776829,0.946939146584585,,
butyrate,SM-AFCKH,7812024.599078535,15.871174847865111,0.5572967602423486,,
butyrate,SM-AFJ1N,116245.25122246738,11.663466075380972,0.9582929094179605,,
butyrate,SM-AFSHZ,1659072.3541541446,14.321769784080649,1.106315222120486,,
butyrate,SM-AFSIG,9949470.830992606,16.113030025413558,0.754600533790497,,
butyrate,SM-AFSIK,4886564.200334534,15.402000201623926,0.8478930860493659,,
butyrate,SM-AFSIO,4379843.340272937,15.29252374297064,1.240817439753755,,
butyrate,SM-AG2E3,5688252.621533106,15.553913838348288,0.8886871481171222,,
butyrate,SM-AG78Z,12342220.859048568,16.328536613641347,0.8631807939321917,,
butyrate,SM-AGULV,9054340.99139054,16.01875497867362,1.0469177170390862,,
butyrate,SM-AGUMC,3445344.0556163513,15.052534618696049,1.0847532030676719,,
butyrate,SM-AGUMK,1020339.3814979044,13.835646836943427,0.758895534212594,,
butyrate,SM-AGUN1,3852148.2942128778,15.164141808732918,0.9249797068697928,,
butyrate,SM-AGUN5,4598091.7962376475,15.34115216597148,2.0250063314566247,,
butyrate,SM-AGUND,4716362.504002109,15.366548616549828,1.6550466579649725,,
butyrate,SM-AGUNH,2462220.5295475298,14.71657456118615,0.7225315436415941,,
butyrate,SM-AHF2E,9089147.108111257,16.022591744282394,1.4379900385082438,,
butyrate,SM-AHUNW,3031300.6077156323,14.924502658748779,1.0665289980713408,,
butyrate,SM-AHUO1,3281954.2741856193,15.003949922929817,1.1096504386563026,,
butyrate,SM-AI38G,2719956.7368317028,14.816126900221944,1.655911632346925,,
butyrate,SM-AIG54,5941826.838396123,15.597527360905396,1.4523906930834518,,
butyrate,SM-AIG5S,8436640.664366828,15.948094880320575,1.0972472774736515,,
butyrate,SM-AIG6P,5256960.985479063,15.475063848555935,1.0004818400836402,,
butyrate,SM-AIG8M,5596133.334219603,15.5375866198796,0.7840018702148799,,
butyrate,SM-AIRV5,2410771.2815095247,14.69545770289324,0.6820037274421564,,
butyrate,SM-AJC3J,3584800.6103840084,15.092213691679591,1.5565850395797212,,
butyrate,SM-AJDM5,8868716.065718258,15.998040706363454,0.7537238705655452,,
butyrate,SM-AK8KS,5184747.6424307395,15.461231920636683,1.0116563739910256,,
butyrate,SM-AK8LH,3048036.520771513,14.930008505677314,0.8272194190645029,,
butyrate,SM-AKTXS,7257709.708450733,15.797575007659706,1.452917989778756,,
butyrate,SM-AKTY5,35779.00288628233,10.485144437730185,0.9791497016098134,,
butyrate,SM-AKTYH,5647686.772284735,15.546756775516098,0.8273466975771626,,
butyrate,SM-AKTYL,2896388.3255410963,14.878975459067107,1.027542810387485,,
butyrate,SM-AKTYX,6129571.05135585,15.628635493298551,0.8506100926665497,,
butyrate,SM-AKTZI,3373891.0923427464,15.031577559461244,0.7239030345535187,,
butyrate,SM-AM1I6,4820209.30582929,15.38832811698973,0.7195963452884222,,
butyrate,SM-AMR2U,3437959.040260349,15.050388841896462,1.3137817952764086,,
butyrate,SM-AMR37,5502159.215203685,15.520651339490838,2.1295019903502106,,
butyrate,SM-AMR3J,4105076.588074568,15.227735201560831,1.1374659887137728,,
butyrate,SM-AN5FR,14687664.057686709,16.502518587775665,1.2314274025442715,,
butyrate,SM-AN5FZ,2317722.9571997947,14.656096209163968,0.6732280038703058,,
butyrate,SM-APDWQ,2245687.154781317,14.624522559930696,1.0242985070749968,,
butyrate,SM-APDXF,11155375.217086548,16.22743211159888,1.4582195294591314,,
butyrate,SM-APDY4,4536295.477146621,15.327621483176769,1.0294208178293818,,
butyrate,SM-APR9M,1128015.655273744,13.935971476244738,1.593299695440702,,
butyrate,SM-APR9Q,2096222.3785318194,14.555647892471507,0.7574344288376744,,
butyrate,SM-AQJXS,4163897.083710212,15.241962232843548,1.3525939490756074,,
butyrate,SM-ARB69,7704477.55377747,15.857312348103243,0.8884416824141357,,
butyrate,SM-ARMBQ,8038125.813320405,15.899706630592437,1.3408609482249194,,
butyrate,SM-ARMBY,1200411.8252027442,13.99817607659886,0.8109875124193957,,
butyrate,SM-ARMC7,8475310.221659347,15.952667932876228,0.8837232861233952,,
butyrate,SM-ARMCB,1870216.5957161835,14.441565343406866,0.5963517822238673,,
butyrate,SM-ARMDG,3993195.8005253403,15.20010267121333,1.4709759534524296,,
butyrate,SM-ARNW1,11081002.88207201,16.220742838254292,0.6529374711837551,,
butyrate,SM-ARWVG,4401904.704395115,15.297548119756673,0.8576026183008318,,
butyrate,SM-ASN2R,4070668.744331117,15.219318100227579,0.724539427116817,,
butyrate,SM-ASN2Z,4734971.690235172,15.370486516947915,0.6418902157890294,,
butyrate,SM-ATLL1,4643252.887422934,15.35092594726949,0.947965167247862,,
butyrate,SM-ATVSR,7605704.589258746,15.84440925902446,0.8668757670803219,,
butyrate,SM-ATVT8,11063593.835471524,16.21917053157951,1.1190534634691187,,
butyrate,SM-AU2MF,63510.74988157374,11.058980205268554,0.6004337859513095,,
butyrate,SM-AUNQ5,6580842.323246041,15.699673459716173,1.0328495451091932,,
butyrate,SM-AUP8B,3699576.9214240215,15.123729295816567,1.3762638561493055,,
butyrate,SM-AV8JF,2557434.8542428925,14.75451569506342,1.2090133967128376,,
butyrate,SM-AVADD,5341225.070512124,15.490965785801551,1.3884215516289702,,
butyrate,SM-AVADL,4237269.506159851,15.259429871365871,0.7839135545122181,,
butyrate,SM-AVADT,5710834.629762911,15.557875915892048,1.2758112381731637,,
butyrate,SM-AVAE6,2657555.1312591177,14.792917510803631,1.181369283019358,,
butyrate,SM-AVJBU,1889918.5087845125,14.45204479818423,0.4527062918444345,,
butyrate,SM-AVPGV,3413623.375682441,15.043285151585776,0.7222302312442773,,
butyrate,SM-AVPGZ,5540764.500576833,15.527643226177332,0.6383108323105595,,
butyrate,SM-AVR6W,8979356.632884338,16.010438904633393,1.0245582591416493,,
butyrate,SM-AVR79,8727090.565184133,15.981942718262301,0.8319469066775762,,
butyrate,SM-AW574,8853807.697889257,15.996358285748649,2.5310137473781276,,
butyrate,SM-AWJJY,5129527.271060378,15.450524257959845,0.9424168631041671,,
butyrate,SM-AWQK7,4033061.072937032,15.210036464993454,0.9858266284831129,,
butyrate,SM-AXQRD,3456072.7466565333,15.055643747410052,1.2355535641230446,,
butyrate,SM-AXQRH,1009217.9806450957,13.824687303187217,0.7665777015838382,,
butyrate,SM-AXTSZ,5226110.285921526,15.469178019501394,0.7439714792230816,,
butyrate,SM-AXTT4,8524207.758254439,15.95842076254534,1.1940594702356602,,
butyrate,SM-AYMHV,2870651.153892453,14.870049793244089,0.9925918710590741,,
butyrate,SM-B1JO5,4993440.049327556,15.423635819114025,1.2156240868091406,,
butyrate,SM-B1JOP,5473668.262268873,15.51545974700383,1.0592962017754053,,
butyrate,SM-B1SBW,1744295.9732189593,14.371862151763626,1.1388686498736955,,
butyrate,SM-B2OQ7,5301473.030249894,15.483495458769529,0.7850980239361529,,
butyrate,SM-B2OQN,9109710.146301331,16.024851561411975,0.653546589780055,,
butyrate,SM-B4A4G,828006.604467664,13.626777617464914,1.724504360587819,,
butyrate,SM-B4LHS,3978551.884950902,15.196428714397292,1.016563090530089,,
butyrate,SM-B58FG,6468907.613544887,15.6825179680976,1.1519510627106426,,
butyrate,SM-B58G1,9421470.195272755,16.058501812200173,0.5973933880111434,,
butyrate,SM-B5F8Y,6814767.672012596,15.734602678591335,1.2273518926184956,,
butyrate,SM-B5F9B,4569333.703423629,15.334878173153163,0.8776308014000637,,
butyrate,SM-B5ORH,3001104.2770665293,14.914491204469147,1.116515685777925,,
butyrate,SM-BYMCC,7379769.362095011,15.814253079845246,1.0265297773275408,,
butyrate,SM-BZ5M6,2957519.7955624615,14.899861906276556,1.2127901917619632,,
butyrate,SM-BZIQP,1128064.6263750745,13.936014888758312,0.6997577811978467,,
butyrate,SM-BZNKI,43736.07818201924,10.685951492320074,0.7046813816212425,,
butyrate,SM-BZNLC,3170359.803771653,14.969355957601158,0.78139395946569,,
butyrate,SM-BZWMX,4251463.3823872525,15.262774042114948,1.5586085081789431,,
butyrate,SM-C1MZ3,11360148.462162836,16.24562212805126,1.0032507971141544,,
butyrate,SM-C1WB2,9790858.875030553,16.096959842624212,0.7810783607047074,,
butyrate,SM-CE6ZH,5185236.000915619,15.461326107553045,1.1319241783717442,,
butyrate,SM-CE9V4,5311093.507563828,15.485308493929667,0.7100933159299448,,
butyrate,SM-CEFO7,3955090.955107342,15.190514409256803,1.2150747111881708,,
butyrate,SM-CG7AV,5069377.193522246,15.43872872377025,0.6506880182865455,,
butyrate,SM-CH32H,10182772.367276851,16.136207964918395,0.7419843759131909,,
butyrate,SM-CH32P,4581839.585435102,15.337611349909569,0.6820478852934874,,
butyrate,SM-CHS72,4593678.143478261,15.340191817275374,1.0918028741566175,,
butyrate,SM-CHS76,5327792.971497307,15.488447821441428,0.9793094491308046,,
butyrate,SM-CHZLQ,5331789.063196067,15.489197586511613,0.7650010065392583,,
butyrate,SM-CJ2ZF,2755594.600473917,14.829144166123447,1.1795029644204607,,
butyrate,SM-CJNBH,3252761.0868528164,14.995015066246243,1.0944523452364718,,
butyrate,SM-CKJ6T,1953928.6405534595,14.485353103031478,0.5803666400420798,,
butyrate,SM-CL4HR,10469782.484400285,16.164003903014965,1.1027176559973506,,
butyrate,SM-CLM5L,4635068.38194245,15.349161726005429,0.7914450656848039,,
butyrate,SM-CMUKL,11437714.662427314,16.252426844119498,1.235134064535401,,
butyrate,SM-CMUKP,5059094.416351261,15.436698253810041,1.190716461137844,,
butyrate,SM-CNIIF,4353354.174564332,15.286457410259965,1.9281603709259512,,
butyrate,SM-CNW2E,2397028.4227311737,14.689740788156028,1.3982349847070972,,
butyrate,SM-COSYB,1387072.7916742035,14.14270690024241,0.7036501659166325,,
butyrate,SM-CP6EO,9580215.971989194,16.07521079812368,1.0125031657283123,,
butyrate,SM-CQEDG,2302009.367927703,14.64929337213206,1.026550557492873,,
butyrate,SM-CRP6E,2896273.4633089537,14.878935801239086,0.9702726747319683,,
butyrate,SM-CRT7P,5424150.084116908,15.50637196295575,1.0790204749566539,,
butyrate,SM-CSF71,2899417.449453778,14.880020740175826,1.0427473976089823,,
butyrate,SM-CSN3P,11893819.264014043,16.291529517650893,1.0675537199742846,,
butyrate,SM-CTLFU,7071578.7002651105,15.771594450009895,1.2168968719357374,,
butyrate,SM-CTTKY,4753846.920508556,15.374464936594327,0.9028254531050113,,
butyrate,SM-5Q4W7,190930.51013513515,12.159670057041629,1.9221652932276142e-05,,
butyrate,SM-5QVZ9,98240.71217820083,11.495186171753126,0.0008860389757976013,,
butyrate,SM-5QVZD,,,0.8236556207100323,,
butyrate,SM-5U5DE,,,0.7749443156507114,,
butyrate,SM-5WXZX,,,0.7335632139123207,,
butyrate,SM-5XHHR,,,0.7623437428974045,,
butyrate,SM-5ZNHM,,,1.1049736026962265,,
butyrate,SM-5ZNHS,,,1.400074029338996,,
butyrate,SM-5ZZL9,,,1.0211243368205047,,
butyrate,SM-61N7T,,,0.582192697070646,,
butyrate,SM-61NJ9,,,0.8228451942620768,,
butyrate,SM-61U3T,,,1.186843557824057,,
butyrate,SM-61YN5,,,1.590895690063834,,
butyrate,SM-62ARQ,,,1.2063470417486508,,
butyrate,SM-63ZAH,,,1.4780814712357055,,
butyrate,SM-64NA9,,,1.3956582442059056,,
butyrate,SM-65GXK,,,0.8674329352632912,,
butyrate,SM-67WTX,,,0.9783327813601917,,
butyrate,SM-689O4,,,1.0408940666134174,,
butyrate,SM-689SS,,,0.9143194820543791,,
butyrate,SM-69UMY,,,1.4949471729234445,,
butyrate,SM-6AXJO,,,1.530465670517491,,
butyrate,SM-6BKS1,,,0.8641262914548064,,
butyrate,SM-6BQPK,,,1.2781217328060366,,
butyrate,SM-6CAJC,,,0.9760807309423155,,
butyrate,SM-6CAJI,,,0.9353905697012201,,
butyrate,SM-6CAKR,,,0.7980180917314423,,
butyrate,SM-6DRTP,,,0.7150208126343405,,
butyrate,SM-6EFPD,,,0.5050723084815544,,
butyrate,SM-6FNVI,,,0.8459579331528057,,
butyrate,SM-6FNW6,,,0.9178235374335197,,
butyrate,SM-6GH65,,,0.5344853337489366,,
butyrate,SM-6HUBR,,,0.6533855434987305,,
butyrate,SM-6HUG5,,,0.6444786451332204,,
butyrate,SM-6J3OB,,,0.47595929685115557,,
butyrate,SM-6JWO4,,,0.7681362139837525,,
butyrate,SM-6KUC9,,,0.9180741981778393,,
butyrate,SM-6KUCD,,,1.503890436578286,,
butyrate,SM-6KUCH,,,1.0201242913638933,,
butyrate,SM-6KUCT,,,1.392289259901424,,
butyrate,SM-6KUD2,,,1.4581117323514705,,
butyrate,SM-6M2VX,,,1.0363821732156657,,
butyrate,SM-6M48S,,,1.8449280162085289,,
butyrate,SM-6MSSO,,,1.5001188365704934,,
butyrate,SM-6MSSW,,,0.6156903235861371,,
butyrate,SM-6MYZ2,,,0.4394823141311618,,
butyrate,SM-6OLSC,,,0.943284435006786,,
butyrate,SM-6OOEJ,,,1.140342742851948,,
butyrate,SM-6OSOU,,,1.3093582175813185,,
butyrate,SM-6Q4FM,,,1.5257135064580858,,
butyrate,SM-6Q4FQ,,,0.8273713740234946,,
butyrate,SM-6RB9P,,,1.5869708363367165,,
butyrate,SM-6SF6T,,,1.7066048456748033,,
butyrate,SM-6SSMY,,,1.931368308949108,,
butyrate,SM-6TO52,,,0.7596137486768879,,
butyrate,SM-6WJN1,,,1.014861714493516,,
butyrate,SM-6WOC1,,,1.0050976343080529,,
butyrate,SM-6WU1I,,,0.810418655393427,,
butyrate,SM-6X9W2,,,1.1835693830239036,,
butyrate,SM-6X9W6,,,0.9007136688031274,,
butyrate,SM-6X9WA,,,0.6232919678167189,,
butyrate,SM-6X9WE,,,1.3900333132025482,,
butyrate,SM-6X9WM,,,0.7431974180644575,,
butyrate,SM-6X9WU,,,0.6414369484327209,,
butyrate,SM-6XJTB,,,0.6978317196236192,,
butyrate,SM-6XJTF,,,0.8262700252608884,,
butyrate,SM-6XJTN,,,0.7231081932295624,,
butyrate,SM-6XJUC,,,0.9122258803971609,,
butyrate,SM-6XNM3,,,0.9614995486807842,,
butyrate,SM-6XRKG,,,1.144290974265064,,
butyrate,SM-6XSL6,,,1.612992798373952,,
butyrate,SM-6XSLI,,,1.2947536576337886,,
butyrate,SM-6XTSQ,,,0.5823355607073049,,
butyrate,SM-6XTSU,,,0.9917437805614541,,
butyrate,SM-6XTSY,,,1.13927256433734,,
butyrate,SM-6Y2UL,,,0.9771794821842551,,
butyrate,SM-6Y87V,,,0.8617820290532686,,
butyrate,SM-6YAZN,,,0.8748748319728819,,
butyrate,SM-6YAZR,,,1.0619989220289234,,
butyrate,SM-6ZEU8,,,0.9781821251615334,,
butyrate,SM-6ZEUG,,,1.1006708097121298,,
butyrate,SM-6ZEV1,,,1.7459403998883065,,
butyrate,SM-6ZEVH,,,1.0883221964634757,,
butyrate,SM-6ZEVL,,,0.8158474735864617,,
butyrate,SM-6ZJI5,,,2.0328911054398575,,
butyrate,SM-6ZJI9,,,2.507128246089108,,
butyrate,SM-6ZKSA,,,0.8611066736799725,,
butyrate,SM-6ZKT1,,,1.665275694349743,,
butyrate,SM-6ZKY3,,,1.1701947491119726,,
butyrate,SM-6ZT2N,,,1.068869364191879,,
butyrate,SM-6ZT2V,,,1.1967258251998467,,
butyrate,SM-6ZT3C,,,1.5192573688414408,,
butyrate,SM-6ZT3G,,,1.0593572435110687,,
butyrate,SM-6ZT3W,,,0.9854006350938029,,
butyrate,SM-6ZUH2,,,1.6517348191151546,,
butyrate,SM-71WX9,,,1.761051476365809,,
butyrate,SM-71WXD,,,0.566804984642159,,
butyrate,SM-71WXH,,,1.0258336417889125,,
butyrate,SM-71WXX,,,0.8013104491762613,,
butyrate,SM-71WY2,,,0.7194288052054314,,
butyrate,SM-71ZV9,,,1.240092731487795,,
butyrate,SM-727GQ,,,1.0681602410499178,,
butyrate,SM-72PGN,,,0.4319884670082406,,
butyrate,SM-72PHS,,,0.6190956731799497,,
butyrate,SM-72XGS,,,0.795308877676258,,
butyrate,SM-72ZHG,,,0.5043372101329281,,
butyrate,SM-72ZHO,,,1.218213814913665,,
butyrate,SM-734R8,,,1.7478300961732027,,
butyrate,SM-73BMX,,,0.8962212568103745,,
butyrate,SM-73BN6,,,1.1436792581480977,,
butyrate,SM-73JXD,,,0.786164306169761,,
butyrate,SM-74Y71,,,1.1046060535219133,,
butyrate,SM-74Y7D,,,0.9166715370179164,,
butyrate,SM-74Y93,,,0.7269681089400167,,
butyrate,SM-76C9O,,,0.5867409557577292,,
butyrate,SM-76CAL,,,1.3814160383913554,,
butyrate,SM-76CAT,,,0.8754423902385173,,
butyrate,SM-76ENW,,,1.14151422467255,,
butyrate,SM-76EO1,,,0.7237783535615255,,
butyrate,SM-76EO9,,,0.7999571409090024,,
butyrate,SM-76EOD,,,0.5294500399368802,,
butyrate,SM-76LBZ,,,0.7743806536660758,,
butyrate,SM-77FXF,,,1.0831115700064289,,
butyrate,SM-77FXR,,,1.1530264362665836,,
butyrate,SM-77FXZ,,,0.7011851188041015,,
butyrate,SM-77FYC,,,1.146993694518582,,
butyrate,SM-77M5K,,,1.371594812751229,,
butyrate,SM-77M65,,,0.8856207749702909,,
butyrate,SM-77M69,,,1.1662789867071879,,
butyrate,SM-77VQ3,,,0.8119446987850097,,
butyrate,SM-787I4,,,1.0855792146396264,,
butyrate,SM-791B3,,,1.1576162552843312,,
butyrate,SM-791B7,,,1.1295370568792087,,
butyrate,SM-79RAY,,,0.9703973557239615,,
butyrate,SM-7AA1S,,,0.9093543213003188,,
butyrate,SM-7AA21,,,0.6958757865617269,,
butyrate,SM-7AK5U,,,1.1575383296643353,,
butyrate,SM-7AK5Y,,,1.4413096699200614,,
butyrate,SM-7AMI9,,,2.4170163578863972,,
butyrate,SM-7AMIH,,,1.649034696382303,,
butyrate,SM-7B7LB,,,1.7035657464949705,,
butyrate,SM-7BF15,,,1.4771035047047594,,
butyrate,SM-7BF1T,,,0.533247615151338,,
butyrate,SM-7BF22,,,1.140036235413298,,
butyrate,SM-7BF2I,,,1.0959978700330535,,
butyrate,SM-7BF2M,,,1.2456462306728229,,
butyrate,SM-7BF2Q,,,0.9263356126577182,,
butyrate,SM-7BP4V,,,0.9412246011182327,,
butyrate,SM-7BP5C,,,0.9315085750651003,,
butyrate,SM-7BP5K,,,1.0989551473118908,,
butyrate,SM-7CM7M,,,0.7866513412947341,,
butyrate,SM-7CP2F,,,1.6346249504847623,,
butyrate,SM-7CP2V,,,1.1099075932022884,,
butyrate,SM-7CP2Z,,,1.0114836388667017,,
butyrate,SM-7CP34,,,0.8491476885312969,,
butyrate,SM-7CP3G,,,0.7674179995194587,,
butyrate,SM-7CRWL,,,1.259265031527407,,
butyrate,SM-7CRWP,,,1.2583260278064587,,
butyrate,SM-7CRWX,,,0.9596579065282188,,
butyrate,SM-7CRX2,,,0.7798770073964401,,
butyrate,SM-7D34K,,,1.2880494567934906,,
butyrate,SM-7D34O,,,1.22460631327398,,
butyrate,SM-7DGUW,,,0.4324456306455488,,
butyrate,SM-7DGV1,,,0.9852837466638094,,
butyrate,SM-7DGV5,,,0.7276083977843149,,
butyrate,SM-7DN33,,,1.0296416070860364,,
butyrate,SM-7DN37,,,0.9024566051703649,,
butyrate,SM-7DN3V,,,0.5058074068301806,,
butyrate,SM-7E5ED,,,0.8007896462826233,,
butyrate,SM-7E5EH,,,0.7161052775126142,,
butyrate,SM-7ED9N,,,0.5915905268421292,,
butyrate,SM-7ED9R,,,1.0835375633957387,,
butyrate,SM-7EDA4,,,1.9185599345424793,,
butyrate,SM-7EDA8,,,0.9284006415876046,,
butyrate,SM-7EDAC,,,1.1634736643873422,,
butyrate,SM-7EWUS,,,1.1507588007247083,,
butyrate,SM-7F1RS,,,0.9375491093751015,,
butyrate,SM-7F1RW,,,1.0910132278739944,,
butyrate,SM-7F43P,,,1.4254959641022644,,
butyrate,SM-7FHYA,,,0.6812452514075316,,
butyrate,SM-7FK3W,,,1.1596319313215535,,
butyrate,SM-7FK4D,,,1.0468190112537583,,
butyrate,SM-7FVSS,,,0.9063814588974823,,
butyrate,SM-7GCHC,,,1.0456514257141558,,
butyrate,SM-7GCHK,,,0.9887644243569513,,
butyrate,SM-7GFUX,,,0.6535413947387219,,
butyrate,SM-7GYHH,,,1.1229068853779067,,
butyrate,SM-7GYHL,,,2.06084692161332,,
butyrate,SM-7GYIA,,,1.0330131889111842,,
butyrate,SM-7GYJN,,,0.6434461306682772,,
butyrate,SM-7GYJZ,,,0.9516250738669939,,
butyrate,SM-7H4GS,,,1.1970076561921645,,
butyrate,SM-7H4H1,,,0.9216341002513101,,
butyrate,SM-7H4HL,,,0.8648587922827661,,
butyrate,SM-7HAI4,,,1.8020169747975556,,
butyrate,SM-7HNM8,,,0.916114368834947,,
butyrate,SM-7HXJO,,,1.0790204749566539,,
butyrate,SM-7HXJW,,,1.0224204996331,,
butyrate,SM-7I1FM,,,0.7130674770931146,,
butyrate,SM-7I1FQ,,,1.1938179008136733,,
butyrate,SM-7I1G3,,,1.178399018137188,,
butyrate,SM-7I1G7,,,0.9416025403752118,,
butyrate,SM-7I1GX,,,0.7400323391322983,,
butyrate,SM-7I1H2,,,0.866569259641672,,
butyrate,SM-7I9G4,,,1.1333632048209983,,
butyrate,SM-7I9GC,,,0.9455598631106609,,
butyrate,SM-7IKZB,,,1.1894800413005786,,
butyrate,SM-7IKZF,,,1.340655744092264,,
butyrate,SM-7IKZN,,,1.5055203807965296,,
butyrate,SM-7IL14,,,0.44352665380893935,,
butyrate,SM-7IL1G,,,1.1045047502159189,,
butyrate,SM-7IL1K,,,0.5011903138454346,,
butyrate,SM-7IL1O,,,0.9772574078042509,,
butyrate,SM-7IL1S,,,0.8715668894040638,,
butyrate,SM-7IWEO,,,0.6698252517971596,,
butyrate,SM-7IWES,,,0.6975758638379667,,
butyrate,SM-7IWEW,,,0.7522809478352912,,
butyrate,SM-7IWF5,,,0.7402024767359555,,
butyrate,SM-7IWF9,,,1.184279804926198,,
butyrate,SM-7IWFL,,,1.742138928392849,,
butyrate,SM-7J5TO,,,0.6891300253907645,,
butyrate,SM-7J5TW,,,0.8270817504691772,,
butyrate,SM-7J5U1,,,1.617648854168696,,
butyrate,SM-7J5UD,,,1.0614781191352853,,
butyrate,SM-7K1UO,,,2.008248426876546,,
butyrate,SM-7K1UW,,,0.6347171624684239,,
butyrate,SM-7K1V1,,,1.0085107764638652,,
butyrate,SM-7K1V5,,,1.937155584994123,,
butyrate,SM-7K1V9,,,1.4017299487639048,,
butyrate,SM-7K1VZ,,,0.7723519900255207,,
butyrate,SM-7K1W8,,,0.9622216594260778,,
butyrate,SM-7K1WG,,,0.8439916100082471,,
butyrate,SM-7K259,,,1.182495308228296,,
butyrate,SM-7KMR8,,,0.9583968102446215,,
butyrate,SM-7M36P,,,1.2531218951510783,,
butyrate,SM-7M8S2,,,1.4185618826829791,,
butyrate,SM-7M8SE,,,0.756975966440033,,
butyrate,SM-7MCTQ,,,1.1567512809023788,,
butyrate,SM-7MCUF,,,1.6650730877377544,,
butyrate,SM-7NH6E,,,2.173491002837791,,
butyrate,SM-7NSP1,,,1.383387556577247,,
butyrate,SM-7R3AC,,,1.4902846233270344,,
butyrate,SM-7R3AG,,,1.0297039475820329,,
butyrate,SM-7RFYJ,,,0.6871559096842065,,
butyrate,SM-9HYXZ,,,0.6290805426220673,,
butyrate,SM-9IMBZ,,,1.7155273291643127,,
butyrate,SM-9IT11,,,0.8676680108836116,,
butyrate,SM-9J5IT,,,0.9362217763145078,,
butyrate,SM-9J5IX,,,1.269946036508153,,
butyrate,SM-9JUD6,,,0.8649432117044281,,
butyrate,SM-9JYA2,,,1.026015468235569,,
butyrate,SM-9JYAI,,,1.519630113057087,,
butyrate,SM-9KOMO,,,1.5369257044151357,,
butyrate,SM-9KOPV,,,0.8867260200138968,,
butyrate,SM-9NBDO,,,1.4121317202729995,,
butyrate,SM-9NBE1,,,1.033483340151825,,
butyrate,SM-9NBEP,,,1.2907002266336782,,
butyrate,SM-9NBF6,,,1.3754105706103523,,
butyrate,SM-9O9R1,,,0.8238880988096862,,
butyrate,SM-9OS5Y,,,0.8025221925671946,,
butyrate,SM-9OS63,,,2.1417752754995356,,
butyrate,SM-9OS67,,,1.3396959602059835,,
butyrate,SM-9OS6B,,,1.7244420200918225,,
butyrate,SM-9OS7N,,,0.866896547245654,,
butyrate,SM-9OS7Z,,,0.8035183417428065,,
butyrate,SM-9OS8G,,,1.0334820413914918,,
butyrate,SM-9OS8K,,,1.1259849473677375,,
butyrate,SM-9P5FG,,,0.9279720506776282,,
butyrate,SM-9P5FO,,,1.30436578286026,,
butyrate,SM-9P5FW,,,1.5729805900268194,,
butyrate,SM-9PJ16,,,1.526835635386024,,
butyrate,SM-9PJ1E,,,0.658029910450475,,
butyrate,SM-9PJ1I,,,0.9155247316436461,,
butyrate,SM-9PPUW,,,1.3769041449936037,,
butyrate,SM-9QMN9,,,1.3027929840966797,,
butyrate,SM-9QMND,,,0.5612423941347984,,
butyrate,SM-9QMNL,,,1.1994272466930316,,
butyrate,SM-9QMOR,,,0.8712876559324125,,
butyrate,SM-9QMQ9,,,0.6394316624781646,,
butyrate,SM-9QVJX,,,1.0419252823180274,,
butyrate,SM-9QVK2,,,0.8869286266258856,,
butyrate,SM-9QXOC,,,0.9560096887520861,,
butyrate,SM-9R78F,,,1.784190190463203,,
butyrate,SM-9RD3C,,,1.1912164838661499,,
butyrate,SM-9RD3K,,,1.667135519146974,,
butyrate,SM-9RRZH,,,1.8245179975713182,,
butyrate,SM-9RRZL,,,1.0397563525614801,,
butyrate,SM-9RRZP,,,0.9968998590845038,,
butyrate,SM-9RTUR,,,0.6409641996714136,,
butyrate,SM-9RTUZ,,,0.7333476196969992,,
butyrate,SM-9RTV8,,,0.7236302948835337,,
butyrate,SM-9RYI7,,,0.9567889449520433,,
butyrate,SM-9SD8V,,,0.8750930237088699,,
butyrate,SM-9SIIW,,,0.8109732260557299,,
butyrate,SM-9SIJ5,,,0.46784723980960174,,
butyrate,SM-9SIJB,,,0.8125979752326404,,
butyrate,SM-9SIZI,,,0.7920126239504393,,
butyrate,SM-9SIZM,,,0.7605605449598358,,
butyrate,SM-9SKIL,,,0.9821485392193151,,
butyrate,SM-9SNJ4,,,1.1482794672485113,,
butyrate,SM-9SNJ8,,,0.982073211119986,,
butyrate,SM-9T55H,,,0.9667075776171644,,
butyrate,SM-9T55L,,,0.940006363925633,,
butyrate,SM-9U25X,,,1.1060087146818363,,
butyrate,SM-9U262,,,1.1607735416544909,,
butyrate,SM-9U26Q,,,1.3936360743670166,,
butyrate,SM-9UCZF,,,1.3246719006708096,,
butyrate,SM-9UW5S,,,1.5853525809614724,,
butyrate,SM-9VE4Y,,,1.3780288714422084,,
butyrate,SM-9VW8T,,,0.7571305189196912,,
butyrate,SM-9VW8X,,,0.6088900144811777,,
butyrate,SM-9VWAW,,,0.8457657166234829,,
butyrate,SM-9VWC6,,,1.03412233023579,,
butyrate,SM-9VWCE,,,0.5336762060613145,,
butyrate,SM-9VWCQ,,,1.5024007584760346,,
butyrate,SM-9W3AD,,,0.5026007675673569,,
butyrate,SM-9W3AZ,,,0.6199476599585696,,
butyrate,SM-9W3B4,,,0.8080808867935555,,
butyrate,SM-9W7VZ,,,1.0184878533439832,,
butyrate,SM-9W7W4,,,0.9908658185761691,,
butyrate,SM-9W7W8,,,1.1863915892280819,,
butyrate,SM-9WOBD,,,1.000809127687622,,
butyrate,SM-9WOBP,,,0.8380484827232406,,
butyrate,SM-9WOBT,,,0.6371848071016215,,
butyrate,SM-9WYEF,,,0.9006747059931296,,
butyrate,SM-9X47O,,,0.9970609053658284,,
butyrate,SM-9XIOJ,,,0.2734046352756294,,
butyrate,SM-9XIOX,,,0.3995947867760223,,
butyrate,SM-9XKWX,,,0.9971362334651576,,
butyrate,SM-9Y49Z,,,1.1212146006636665,,
butyrate,SM-9Y4AC,,,1.001918269012228,,
butyrate,SM-9Y7CW,,,2.2651081542667524,,
butyrate,SM-9YHLB,,,0.9983466780957576,,
butyrate,SM-9YTMA,,,1.0200022078925666,,
butyrate,SM-9ZA1W,,,1.367618008610781,,
butyrate,SM-9ZA5J,,,1.1609566668614808,,
butyrate,SM-9ZA5V,,,0.5846499516211776,,
butyrate,SM-9ZE8H,,,1.3486716928691564,,
butyrate,SM-9ZE8P,,,0.7049593163325606,,
butyrate,SM-9ZE8T,,,1.6534465852343938,,
butyrate,SM-9ZEPA,,,0.941320709382894,,
butyrate,SM-9ZGIF,,,1.1226042742202567,,
butyrate,SM-9ZJIA,,,0.9873461780730293,,
butyrate,SM-9ZJII,,,1.1857162338547855,,
butyrate,SM-9ZK9F,,,1.0920963939919346,,
butyrate,SM-A12KH,,,1.2042859090997642,,
butyrate,SM-A12KL,,,0.6499178534089212,,
butyrate,SM-A12L2,,,1.638466683550551,,
butyrate,SM-A14C6,,,0.7978362652847857,,
butyrate,SM-A14CI,,,0.3716039040735618,,
butyrate,SM-A14CQ,,,0.9760417681323177,,
butyrate,SM-A18YS,,,1.5302163085335048,,
butyrate,SM-A18Z1,,,0.8555414856519452,,
butyrate,SM-A1C87,,,1.2644444877364556,,
butyrate,SM-A1ZUY,,,0.9074100770814257,,
butyrate,SM-A1ZVJ,,,0.8733098257713013,,
butyrate,SM-A2BG6,,,0.6945640386251323,,
butyrate,SM-A2HYM,,,0.9232939159572189,,
butyrate,SM-A2HYU,,,1.041551239342048,,
butyrate,SM-A2HYY,,,0.6540790815166924,,
butyrate,SM-A312T,,,0.4564311364802296,,
butyrate,SM-A373R,,,0.7265589994350392,,
butyrate,SM-A3744,,,0.9797912892144448,,
butyrate,SM-A375P,,,1.4794997175196276,,
butyrate,SM-A3J7F,,,1.298271999376595,,
butyrate,SM-A47RS,,,1.06472891624944,,
butyrate,SM-A47S3,,,1.0472372120810687,,
butyrate,SM-A4O3C,,,1.0249556798036275,,
butyrate,SM-A4UVT,,,1.8428136343859787,,
butyrate,SM-A5A1N,,,1.5281733585292838,,
butyrate,SM-A5A1R,,,0.5499522705577526,,
butyrate,SM-A5A1V,,,1.2424019273603346,,
butyrate,SM-A5QMX,,,0.6638821245121531,,
butyrate,SM-A5QN2,,,0.5724818660588469,,
butyrate,SM-A5QNE,,,0.6650042534400914,,
butyrate,SM-A61QC,,,0.7186040923938101,,
butyrate,SM-A61QG,,,1.0158513698674616,,
butyrate,SM-A62BX,,,1.25539212821362,,
butyrate,SM-A72E7,,,1.2271518835271733,,
butyrate,SM-A77UE,,,0.8321443182482321,,
butyrate,SM-A77UI,,,1.2028105173611787,,
butyrate,SM-A77UY,,,0.9995181599163598,,
butyrate,SM-A77WI,,,1.0727968154396628,,
butyrate,SM-A7J1H,,,0.5224263440545999,,
butyrate,SM-A7J1L,,,0.5309994610144617,,
butyrate,SM-A7J1X,,,0.5423129622775061,,
butyrate,SM-A8MJS,,,1.814212334326885,,
butyrate,SM-A8XLM,,,1.0282181657607814,,
butyrate,SM-A9F53,,,0.7629996168657017,,
butyrate,SM-A9F5B,,,0.8263128843518861,,
butyrate,SM-A9F5R,,,1.1685881825797277,,
butyrate,SM-A9F6G,,,0.9348762606092484,,
butyrate,SM-A9F71,,,1.0128875987869579,,
butyrate,SM-A9F75,,,0.9739195937477677,,
butyrate,SM-A9J97,,,1.3845642334391823,,
butyrate,SM-A9J9N,,,0.6845557914970161,,
butyrate,SM-A9VSE,,,1.4688329989025475,,
butyrate,SM-AADKW,,,0.3947062528816245,,
butyrate,SM-AADL1,,,1.2568805075555383,,
butyrate,SM-AAHYA,,,1.1144246816413732,,
butyrate,SM-AAHYE,,,0.8609040670679836,,
butyrate,SM-ACTNE,,,1.497181040696655,,
butyrate,SM-ACTNU,,,1.2772087042917535,,
butyrate,SM-ACTNY,,,0.7373789717714442,,
butyrate,SM-ACTOF,,,0.7262693758807218,,
butyrate,SM-ADDEW,,,0.7955166793295799,,
butyrate,SM-ADDF5,,,1.171084399940257,,
butyrate,SM-ADICO,,,1.3630749449650308,,
butyrate,SM-ADID5,,,1.1361061866448474,,
butyrate,SM-ADYKC,,,1.6590299559070867,,
butyrate,SM-AE3QV,,,0.9654516763749001,,
butyrate,SM-AE3RC,,,1.1770223321839304,,
butyrate,SM-AEB6U,,,0.6544141616826739,,
butyrate,SM-AF6M6,,,0.7337268577143117,,
butyrate,SM-AF6MI,,,1.230100069483678,,
butyrate,SM-AF6MY,,,0.6872208477008696,,
butyrate,SM-AF6NB,,,1.6470021364607481,,
butyrate,SM-AFCK9,,,0.7415518887222147,,
butyrate,SM-AFCKD,,,0.946939146584585,,
butyrate,SM-AFCKH,,,0.5572967602423486,,
butyrate,SM-AFJ1N,,,0.9582929094179605,,
butyrate,SM-AFSHZ,,,1.106315222120486,,
butyrate,SM-AFSIG,,,0.754600533790497,,
butyrate,SM-AFSIK,,,0.8478930860493659,,
butyrate,SM-AFSIO,,,1.240817439753755,,
butyrate,SM-AG2E3,,,0.8886871481171222,,
butyrate,SM-AG78Z,,,0.8631807939321917,,
butyrate,SM-AGULV,,,1.0469177170390862,,
butyrate,SM-AGUMC,,,1.0847532030676719,,
butyrate,SM-AGUMK,,,0.758895534212594,,
butyrate,SM-AGUN1,,,0.9249797068697928,,
butyrate,SM-AGUN5,,,2.0250063314566247,,
butyrate,SM-AGUND,,,1.6550466579649725,,
butyrate,SM-AGUNH,,,0.7225315436415941,,
butyrate,SM-AHF2E,,,1.4379900385082438,,
butyrate,SM-AHUNW,,,1.0665289980713408,,
butyrate,SM-AHUO1,,,1.1096504386563026,,
butyrate,SM-AI38G,,,1.655911632346925,,
butyrate,SM-AIG54,,,1.4523906930834518,,
butyrate,SM-AIG5S,,,1.0972472774736515,,
butyrate,SM-AIG6P,,,1.0004818400836402,,
butyrate,SM-AIG8M,,,0.7840018702148799,,
butyrate,SM-AIRV5,,,0.6820037274421564,,
butyrate,SM-AJC3J,,,1.5565850395797212,,
butyrate,SM-AJDM5,,,0.7537238705655452,,
butyrate,SM-AK8KS,,,1.0116563739910256,,
butyrate,SM-AK8LH,,,0.8272194190645029,,
butyrate,SM-AKTXS,,,1.452917989778756,,
butyrate,SM-AKTY5,,,0.9791497016098134,,
butyrate,SM-AKTYH,,,0.8273466975771626,,
butyrate,SM-AKTYL,,,1.027542810387485,,
butyrate,SM-AKTYX,,,0.8506100926665497,,
butyrate,SM-AKTZI,,,0.7239030345535187,,
butyrate,SM-AM1I6,,,0.7195963452884222,,
butyrate,SM-AMR2U,,,1.3137817952764086,,
butyrate,SM-AMR37,,,2.1295019903502106,,
butyrate,SM-AMR3J,,,1.1374659887137728,,
butyrate,SM-AN5FR,,,1.2314274025442715,,
butyrate,SM-AN5FZ,,,0.6732280038703058,,
butyrate,SM-APDWQ,,,1.0242985070749968,,
butyrate,SM-APDXF,,,1.4582195294591314,,
butyrate,SM-APDY4,,,1.0294208178293818,,
butyrate,SM-APR9M,,,1.593299695440702,,
butyrate,SM-APR9Q,,,0.7574344288376744,,
butyrate,SM-AQJXS,,,1.3525939490756074,,
butyrate,SM-ARB69,,,0.8884416824141357,,
butyrate,SM-ARMBQ,,,1.3408609482249194,,
butyrate,SM-ARMBY,,,0.8109875124193957,,
butyrate,SM-ARMC7,,,0.8837232861233952,,
butyrate,SM-ARMCB,,,0.5963517822238673,,
butyrate,SM-ARMDG,,,1.4709759534524296,,
butyrate,SM-ARNW1,,,0.6529374711837551,,
butyrate,SM-ARWVG,,,0.8576026183008318,,
butyrate,SM-ASN2R,,,0.724539427116817,,
butyrate,SM-ASN2Z,,,0.6418902157890294,,
butyrate,SM-ATLL1,,,0.947965167247862,,
butyrate,SM-ATVSR,,,0.8668757670803219,,
butyrate,SM-ATVT8,,,1.1190534634691187,,
butyrate,SM-AU2MF,,,0.6004337859513095,,
butyrate,SM-AUNQ5,,,1.0328495451091932,,
butyrate,SM-AUP8B,,,1.3762638561493055,,
butyrate,SM-AV8JF,,,1.2090133967128376,,
butyrate,SM-AVADD,,,1.3884215516289702,,
butyrate,SM-AVADL,,,0.7839135545122181,,
butyrate,SM-AVADT,,,1.2758112381731637,,
butyrate,SM-AVAE6,,,1.181369283019358,,
butyrate,SM-AVJBU,,,0.4527062918444345,,
butyrate,SM-AVPGV,,,0.7222302312442773,,
butyrate,SM-AVPGZ,,,0.6383108323105595,,
butyrate,SM-AVR6W,,,1.0245582591416493,,
butyrate,SM-AVR79,,,0.8319469066775762,,
butyrate,SM-AW574,,,2.5310137473781276,,
butyrate,SM-AWJJY,,,0.9424168631041671,,
butyrate,SM-AWQK7,,,0.9858266284831129,,
butyrate,SM-AXQRD,,,1.2355535641230446,,
butyrate,SM-AXQRH,,,0.7665777015838382,,
butyrate,SM-AXTSZ,,,0.7439714792230816,,
butyrate,SM-AXTT4,,,1.1940594702356602,,
butyrate,SM-AYMHV,,,0.9925918710590741,,
butyrate,SM-B1JO5,,,1.2156240868091406,,
butyrate,SM-B1JOP,,,1.0592962017754053,,
butyrate,SM-B1SBW,,,1.1388686498736955,,
butyrate,SM-B2OQ7,,,0.7850980239361529,,
butyrate,SM-B2OQN,,,0.653546589780055,,
butyrate,SM-B4A4G,,,1.724504360587819,,
butyrate,SM-B4LHS,,,1.016563090530089,,
butyrate,SM-B58FG,,,1.1519510627106426,,
butyrate,SM-B58G1,,,0.5973933880111434,,
butyrate,SM-B5F8Y,,,1.2273518926184956,,
butyrate,SM-B5F9B,,,0.8776308014000637,,
butyrate,SM-B5ORH,,,1.116515685777925,,
butyrate,SM-BYMCC,,,1.0265297773275408,,
butyrate,SM-BZ5M6,,,1.2127901917619632,,
butyrate,SM-BZIQP,,,0.6997577811978467,,
butyrate,SM-BZNKI,,,0.7046813816212425,,
butyrate,SM-BZNLC,,,0.78139395946569,,
butyrate,SM-BZWMX,,,1.5586085081789431,,
butyrate,SM-C1MZ3,,,1.0032507971141544,,
butyrate,SM-C1WB2,,,0.7810783607047074,,
butyrate,SM-CE6ZH,,,1.1319241783717442,,
butyrate,SM-CE9V4,,,0.7100933159299448,,
butyrate,SM-CEFO7,,,1.2150747111881708,,
butyrate,SM-CG7AV,,,0.6506880182865455,,
butyrate,SM-CH32H,,,0.7419843759131909,,
butyrate,SM-CH32P,,,0.6820478852934874,,
butyrate,SM-CHS72,,,1.0918028741566175,,
butyrate,SM-CHS76,,,0.9793094491308046,,
butyrate,SM-CHZLQ,,,0.7650010065392583,,
butyrate,SM-CJ2ZF,,,1.1795029644204607,,
butyrate,SM-CJNBH,,,1.0944523452364718,,
butyrate,SM-CKJ6T,,,0.5803666400420798,,
butyrate,SM-CL4HR,,,1.1027176559973506,,
butyrate,SM-CLM5L,,,0.7914450656848039,,
butyrate,SM-CMUKL,,,1.235134064535401,,
butyrate,SM-CMUKP,,,1.190716461137844,,
butyrate,SM-CNIIF,,,1.9281603709259512,,
butyrate,SM-CNW2E,,,1.3982349847070972,,
butyrate,SM-COSYB,,,0.7036501659166325,,
butyrate,SM-CP6EO,,,1.0125031657283123,,
butyrate,SM-CQEDG,,,1.026550557492873,,
butyrate,SM-CRP6E,,,0.9702726747319683,,
butyrate,SM-CRT7P,,,1.0790204749566539,,
butyrate,SM-CSF71,,,1.0427473976089823,,
butyrate,SM-CSN3P,,,1.0675537199742846,,
butyrate,SM-CTLFU,,,1.2168968719357374,,
butyrate,SM-CTTKY,,,0.9028254531050113,,
