,0.0,0.025,0.05,0.07500000000000001,0.1,0.125,0.15000000000000002,0.17500000000000002,0.2,0.225,0.25,0.275,0.30000000000000004,0.325,0.35000000000000003,0.375,0.4,0.42500000000000004,0.45,0.47500000000000003,0.5,0.525,0.55,0.5750000000000001,0.6000000000000001,0.625,0.65,0.675,0.7000000000000001,0.7250000000000001,0.75,0.775,0.8,0.8250000000000001,0.8500000000000001,0.875,0.9,0.925,0.9500000000000001,0.9750000000000001,1.0
0.08,0.20730291534467785,0.2073029153446778,0.2073029153446778,0.2073029153446778,0.2073029153446778,0.2073029153446778,0.20730291534467787,0.2073029153446778,0.2073029153446778,0.2073029153446778,0.20730291534467785,0.2073029153446778,0.2073029153446778,0.2073029153446778,0.20730291534467785,0.2073029153446778,0.20730291534467785,0.2073029153446778,8.449707668813565e-05,8.109937149154081e-05,7.927355332051678e-05,7.803122661063492e-05,7.709237549953457e-05,7.63388096902921e-05,7.570973313247015e-05,7.516982802851773e-05,7.469679310864441e-05,7.427565610176863e-05,7.38958802377624e-05,7.354977082756105e-05,7.323153698462559e-05,7.293670064868772e-05,7.26617097684108e-05,7.240369155860552e-05,7.216030981161637e-05,7.192969181223864e-05,7.171038325444507e-05,7.15012924138496e-05,7.130160145610996e-05,7.111064795209193e-05,7.092780026797509e-05
0.10175000000000001,0.2073029153446778,0.2073029153446778,0.20730291534467787,0.2073029153446778,0.2073029153446778,0.2073029153446778,0.20730291534467787,0.2073029153446778,0.20730291534467787,0.2073029153446778,0.2073029153446778,0.2073029153446778,0.2073029153446778,0.2073029153446778,0.2073029153446778,0.2073029153446778,0.2073029153446778,0.2073029153446778,8.433587671140433e-05,8.102929888446964e-05,7.923048347810095e-05,7.800091305904023e-05,7.706944103983016e-05,7.632066428716193e-05,7.569493821836958e-05,7.515750654267866e-05,7.468637682704732e-05,7.426676377382667e-05,7.388825423916434e-05,7.354324216185065e-05,7.322600436565045e-05,7.293211680074174e-05,7.265807018936983e-05,7.240102237427734e-05,7.215865418343864e-05,7.192909391325844e-05,7.171087118012586e-05,7.150286317337561e-05,7.130421195679826e-05,7.111421435840022e-05,7.093220605151757e-05
0.1235,0.2073029153446778,0.2073029153446778,0.20730291534467787,0.2073029153446778,0.2073029153446778,0.2073029153446778,0.2073029153446778,0.20730291534467787,0.2073029153446778,0.2073029153446778,0.2073029153446778,0.2073029153446778,0.2073029153446778,0.20730291534467785,0.2073029153446778,0.2073029153446778,0.20730291534467785,0.2073029153446778,8.419253942113108e-05,8.096546135156628e-05,7.919082409858091e-05,7.797280696479635e-05,7.704806739421812e-05,7.630368510901328e-05,7.568104695357057e-05,7.514590194223039e-05,7.467653549149944e-05,7.42583298028789e-05,7.388098116221936e-05,7.353696093215539e-05,7.322060412637795e-05,7.292753264121111e-05,7.265427375987137e-05,7.239801368117915e-05,7.21564518665859e-05,7.192772420158977e-05,7.171035443898245e-05,7.15032029134126e-05,7.130538600156365e-05,7.111617183818073e-05,7.09348705509978e-05
0.14525,0.2073029153446778,0.20730291534467787,0.20730291534467787,0.20730291534467785,0.2073029153446778,0.20730291534467785,0.2073029153446778,0.20730291534467787,0.2073029153446778,0.2073029153446778,0.2073029153446778,0.2073029153446778,0.20730291534467785,0.2073029153446778,0.20730291534467785,0.2073029153446778,0.2073029153446778,0.0001371207644731385,8.406713513075033e-05,8.090827962007122e-05,7.915489596334791e-05,7.794714552646301e-05,7.702843535904459e-05,7.628801504055554e-05,7.566817610617586e-05,7.5135113144317e-05,7.466735697436239e-05,7.425043743672634e-05,7.387414674444464e-05,7.353102312270259e-05,7.321545137845066e-05,7.292309221449755e-05,7.265050420588474e-05,7.239489824942697e-05,7.215399153146281e-05,7.19259294455664e-05,7.170923704453689e-05,7.150276599726701e-05,7.130561758826389e-05,7.111703951841175e-05,7.093632394287811e-05
0.16699999999999998,0.2073029153446778,0.2073029153446778,0.2073029153446778,0.2073029153446778,0.20730291534467787,0.2073029153446778,0.20730291534467787,0.2073029153446778,0.20730291534467787,0.2073029153446778,0.20730291534467787,0.20730291534467785,0.2073029153446778,0.20730291534467787,0.2073029153446778,0.2073029153446778,0.2073029153446778,0.00010627050556512694,8.396001816066274e-05,8.085825238339732e-05,7.912305025578797e-05,7.792418759390201e-05,7.70107458578381e-05,7.62738124399049e-05,7.565645356117664e-05,7.51252469432759e-05,7.465893353449618e-05,7.424316999026392e-05,7.386783076373792e-05,7.352551099525873e-05,7.321063737451585e-05,7.291890307298982e-05,7.264689278594316e-05,7.239183839382777e-05,7.215147311804535e-05,7.1923952511499e-05,7.17078050674796e-05,7.150187917898477e-05,7.13052665703079e-05,7.111720375007313e-05,7.093696953874773e-05
0.18874999999999997,0.2073029153446778,0.20730291534467787,0.2073029153446778,0.20730291534467787,0.2073029153446778,0.2073029153446778,0.2073029153446778,0.2073029153446778,0.2073029153446778,0.2073029153446778,0.2073029153446778,0.2073029153446778,0.2073029153446778,0.2073029153446778,0.2073029153446778,0.2073029153446778,0.2073029153446778,0.00010205880661953328,8.387181173060271e-05,8.081595522615244e-05,7.909568908532057e-05,7.790422561701385e-05,7.699521816925068e-05,7.626125006191595e-05,7.564602072247155e-05,7.51164199493282e-05,7.465136418076611e-05,7.42366143588601e-05,7.386211276786549e-05,7.352050137696092e-05,7.32062411997352e-05,7.291505190403125e-05,7.264353949719566e-05,7.238895323751492e-05,7.214903999118926e-05,7.192196467203142e-05,7.170626038117878e-05,7.150077501722256e-05,7.13045953817453e-05,7.111695033091714e-05,7.093711026014546e-05
0.21050000000000002,0.2073029153446778,0.2073029153446778,0.20730291534467787,0.2073029153446778,0.2073029153446778,0.2073029153446778,0.2073029153446778,0.20730291534467785,0.20730291534467787,0.2073029153446778,0.2073029153446778,0.2073029153446778,0.2073029153446778,0.20730291534467787,0.2073029153446778,0.2073029153446778,0.2073029153446778,0.00010008013676709588,8.380342961541271e-05,8.078204979025356e-05,7.907326156765354e-05,7.788758362174727e-05,7.698209861140802e-05,7.625052098920948e-05,7.563703156049297e-05,7.510876057737163e-05,7.46447568415178e-05,7.423086365729692e-05,7.385707547233557e-05,7.351607070179257e-05,7.320233703158102e-05,7.291161475676709e-05,7.264052659573017e-05,7.238633561641341e-05,7.214679975822081e-05,7.1920091948695e-05,7.170474978293905e-05,7.149962193164738e-05,7.13037928178682e-05,7.111648672254447e-05,7.093696870373965e-05
0.23225,0.2073029153446778,0.20730291534467785,0.2073029153446778,0.2073029153446778,0.20730291534467787,0.2073029153446778,0.2073029153446778,0.2073029153446778,0.2073029153446778,0.20730291534467787,0.2073029153446778,0.20730291534467787,0.2073029153446778,0.2073029153446778,0.2073029153446778,0.2073029153446778,0.20730291534467787,9.906995377309313e-05,8.375612675171878e-05,8.075730229147158e-05,7.905627225556706e-05,7.787462218456572e-05,7.697165903582453e-05,7.624183796011879e-05,7.562965776939106e-05,7.51024087202988e-05,7.463922961432827e-05,7.422601889673015e-05,7.38528072280201e-05,7.35122983600811e-05,7.319899872635074e-05,7.290866340727192e-05,7.26379272158735e-05,7.238406345673934e-05,7.214483847700448e-05,7.191843147074994e-05,7.170338377931074e-05,7.149854520346392e-05,7.130299901663655e-05,7.111596682063009e-05,7.093671053497243e-05
0.254,0.2073029153446778,0.2073029153446778,0.2073029153446778,0.2073029153446778,0.2073029153446778,0.20730291534467785,0.2073029153446778,0.2073029153446778,0.2073029153446778,0.20730291534467785,0.2073029153446778,0.2073029153446778,0.20730291534467787,0.2073029153446778,0.20730291534467787,0.2073029153446778,0.20730291534467787,9.869872865621473e-05,8.373157622598011e-05,8.074260880723419e-05,7.904529395896752e-05,7.786574256587098e-05,7.696420045091959e-05,7.623543579869293e-05,7.562408785950542e-05,7.509751938277724e-05,7.463491221081364e-05,7.422219046896083e-05,7.384940363152026e-05,7.350926883975528e-05,7.319630293618823e-05,7.290626950251859e-05,7.263581093144496e-05,7.238220708319056e-05,7.214322992703915e-05,7.191706292662647e-05,7.17022500106867e-05,7.149764179561967e-05,7.130232087142123e-05,7.111550725652738e-05,7.09364610545816e-05
0.27575,0.2073029153446778,0.2073029153446778,0.2073029153446778,0.2073029153446778,0.20730291534467785,0.2073029153446778,0.20730291534467785,0.2073029153446778,0.2073029153446778,0.2073029153446778,0.2073029153446778,0.20730291534467785,0.2073029153446778,0.2073029153446778,0.20730291534467785,0.2073029153446778,0.2073029153446778,9.890893410088194e-05,8.373185004477466e-05,8.073897613919711e-05,7.9040958252119e-05,7.786139660037357e-05,7.696005944626266e-05,7.623157640437597e-05,7.562053055665759e-05,7.509426448061872e-05,7.463194739721963e-05,7.421949930540498e-05,7.384696888125437e-05,7.350707337223847e-05,7.319433098191038e-05,7.290450732181983e-05,7.263424744474844e-05,7.23808340267931e-05,7.214204175021468e-05,7.191605616182002e-05,7.170142230041134e-05,7.149699084598013e-05,7.130184364170222e-05,7.1115199573688e-05,7.093631771118791e-05
0.2975,0.2073029153446778,0.2073029153446778,0.2073029153446778,0.2073029153446778,0.20730291534467785,0.2073029153446778,0.20730291534467785,0.2073029153446778,0.20730291534467787,0.2073029153446778,0.20730291534467787,0.2073029153446778,0.20730291534467785,0.2073029153446778,0.2073029153446778,0.20730291534467787,0.2073029153446778,9.984330907434083e-05,8.375964437173935e-05,8.074758999571728e-05,7.904398276649268e-05,7.7862071601106e-05,7.695959896354752e-05,7.623054201300495e-05,7.561921601059142e-05,7.509283173853985e-05,7.463049216879565e-05,7.421807824483409e-05,7.384561705938113e-05,7.350581126052101e-05,7.319317061697233e-05,7.290345580278354e-05,7.263330905623055e-05,7.238001225440927e-05,7.214133956891778e-05,7.191547627198213e-05,7.170096680390166e-05,7.149666083429775e-05,7.13016389807727e-05,7.111511903216586e-05,7.093635936681738e-05
0.31925,0.20730291534467787,0.2073029153446778,0.2073029153446778,0.2073029153446778,0.20730291534467785,0.2073029153446778,0.2073029153446778,0.20730291534467787,0.2073029153446778,0.20730291534467787,0.2073029153446778,0.20730291534467785,0.2073029153446778,0.2073029153446778,0.20730291534467787,0.20730291534467785,0.2073029153446778,0.00010206312622572294,8.381836374606677e-05,8.076982132083278e-05,7.905517497431902e-05,7.786831991254259e-05,7.696322533333828e-05,7.623264670228322e-05,7.562039136823048e-05,7.509342419588642e-05,7.463071625230818e-05,7.421807285328059e-05,7.3845473043795e-05,7.350559097330547e-05,7.319291669164596e-05,7.290319935435384e-05,7.263307235544356e-05,7.23798123203459e-05,7.214118974121887e-05,7.191538706127751e-05,7.170094620164928e-05,7.149671449749212e-05,7.130177057021706e-05,7.111533080331745e-05,7.093665291853563e-05
0.341,0.2073029153446778,0.2073029153446778,0.2073029153446778,0.2073029153446778,0.20730291534467785,0.2073029153446778,0.2073029153446778,0.20730291534467787,0.2073029153446778,0.2073029153446778,0.2073029153446778,0.2073029153446778,0.2073029153446778,0.2073029153446778,0.20730291534467785,0.2073029153446778,0.2073029153446778,0.00010843544738975465,8.39123671956718e-05,8.080725731725068e-05,7.907543980986009e-05,7.788075068992238e-05,7.697138458266149e-05,7.623823414375503e-05,7.562433204545097e-05,7.50962669575524e-05,7.463280699484596e-05,7.421963969644813e-05,7.384667127006983e-05,7.35065292153777e-05,7.319367306208827e-05,7.290382991799204e-05,7.263361956069316e-05,7.238030889658464e-05,7.214166127705968e-05,7.191585340983192e-05,7.17014225779472e-05,7.149721224292405e-05,7.130229802212217e-05,7.111589433756235e-05,7.093725802757796e-05
0.36275,0.2073029153446778,0.2073029153446778,0.20730291534467787,0.20730291534467787,0.2073029153446778,0.2073029153446778,0.2073029153446778,0.2073029153446778,0.20730291534467787,0.2073029153446778,0.2073029153446778,0.2073029153446778,0.2073029153446778,0.2073029153446778,0.20730291534467785,0.20730291534467785,0.2073029153446778,0.2073029153446778,8.404720245509197e-05,8.086177346325873e-05,7.910580108045632e-05,7.790003530656985e-05,7.698456392915364e-05,7.624767832188128e-05,7.56313359188346e-05,7.510160358546134e-05,7.46369677170277e-05,7.422295152893405e-05,7.384935987070283e-05,7.350875437553283e-05,7.319555070109076e-05,7.290544591100576e-05,7.263503928246596e-05,7.238158230347522e-05,7.214282716726411e-05,7.191694291118489e-05,7.170245940711483e-05,7.149821450511335e-05,7.1303279608715e-05,7.111686641805852e-05,7.093823046557889e-05
0.3845,0.2073029153446778,0.2073029153446778,0.2073029153446778,0.2073029153446778,0.2073029153446778,0.2073029153446778,0.2073029153446778,0.2073029153446778,0.2073029153446778,0.20730291534467785,0.2073029153446778,0.2073029153446778,0.2073029153446778,0.2073029153446778,0.2073029153446778,0.20730291534467785,0.2073029153446778,0.2073029153446778,8.42301518758855e-05,8.093551651139677e-05,7.914739659111778e-05,7.792692172976125e-05,7.700329859907703e-05,7.626138534856189e-05,7.564172569948252e-05,7.510969770096768e-05,7.4643418153797e-05,7.422819467472179e-05,7.385369857133736e-05,7.351240502625327e-05,7.31986714012334e-05,7.290815491171369e-05,7.263742641840165e-05,7.238371760812592e-05,7.214476576752749e-05,7.191872736018787e-05,7.170412293682152e-05,7.149978338681428e-05,7.130477416509285e-05,7.111830331548629e-05,7.09396244786215e-05
0.40625,0.20730291534467787,0.20730291534467787,0.20730291534467785,0.20730291534467787,0.2073029153446778,0.2073029153446778,0.2073029153446778,0.2073029153446778,0.2073029153446778,0.20730291534467787,0.2073029153446778,0.2073029153446778,0.20730291534467785,0.20730291534467785,0.2073029153446778,0.2073029153446778,0.2073029153446778,0.2073029153446778,8.447093242784596e-05,8.103105695566088e-05,7.920151385179623e-05,7.796221571846536e-05,7.702816442093109e-05,7.627979842690722e-05,7.565585117932192e-05,7.512083298768417e-05,7.465239486369554e-05,7.423556959278313e-05,7.385985966114274e-05,7.351763058074815e-05,7.320316607860356e-05,7.291207230370723e-05,7.264088431732821e-05,7.238680745177571e-05,7.214755976882588e-05,7.192128226364833e-05,7.17064834841122e-05,7.15019840610651e-05,7.130684241235336e-05,7.112026229024592e-05,7.094149445364846e-05
0.428,0.20730291534467785,0.2073029153446778,0.2073029153446778,0.2073029153446778,0.2073029153446778,0.2073029153446778,0.20730291534467785,0.2073029153446778,0.2073029153446778,0.2073029153446778,0.2073029153446778,0.20730291534467787,0.2073029153446778,0.2073029153446778,0.2073029153446778,0.2073029153446778,0.2073029153446778,0.2073029153446778,8.47828572188369e-05,8.115146153528809e-05,7.926960263215909e-05,7.800681365419808e-05,7.705978720029263e-05,7.630338433495803e-05,7.567408330042342e-05,7.513531593621577e-05,7.466415248181187e-05,7.42452908544017e-05,7.386802755652407e-05,7.352459143259858e-05,7.320917526337122e-05,7.291732238385166e-05,7.264552333661381e-05,7.239095107294401e-05,7.215129902481749e-05,7.19246891207961e-05,7.17096147782475e-05,7.150488453528128e-05,7.130954810998396e-05,7.112280281888307e-05,7.094389606102254e-05
0.44975,0.2073029153446778,0.20730291534467787,0.20730291534467785,0.2073029153446778,0.2073029153446778,0.2073029153446778,0.20730291534467787,0.2073029153446778,0.20730291534467785,0.2073029153446778,0.2073029153446778,0.2073029153446778,0.20730291534467787,0.20730291534467787,0.2073029153446778,0.2073029153446778,0.2073029153446778,0.20730291534467787,8.518484002101077e-05,8.130039998606595e-05,7.935331798215535e-05,7.806169942190465e-05,7.709884142607482e-05,7.633264830067643e-05,7.569681810955516e-05,7.515346551454314e-05,7.467895855055687e-05,7.425758893273284e-05,7.38783999022908e-05,7.353345835733675e-05,7.321684903376208e-05,7.292403796142987e-05,7.26514617739952e-05,7.239625423381118e-05,7.215607895916473e-05,7.192903469648761e-05,7.171359618539441e-05,7.150855748624909e-05,7.131295761277204e-05,7.112598646542777e-05,7.094688717608559e-05
0.4715,0.2073029153446778,0.2073029153446778,0.2073029153446778,0.2073029153446778,0.2073029153446778,0.2073029153446778,0.2073029153446778,0.20730291534467787,0.2073029153446778,0.2073029153446778,0.2073029153446778,0.20730291534467785,0.2073029153446778,0.2073029153446778,0.2073029153446778,0.2073029153446778,0.2073029153446778,0.2073029153446778,8.570519675328015e-05,8.148238056687226e-05,7.945451083240248e-05,7.812794483901445e-05,7.714605753384761e-05,7.636812750063959e-05,7.572447410007549e-05,7.51756224188865e-05,7.469709623640718e-05,7.4272701650625e-05,7.389118292387853e-05,7.354441397579142e-05,7.322634746576263e-05,7.293235966511641e-05,7.265882532688329e-05,7.240282969349791e-05,7.216200121933464e-05,7.193441092587551e-05,7.171851144789211e-05,7.151307964117166e-05,7.131714149035406e-05,7.11298782514033e-05,7.095052748687429e-05
0.49324999999999997,0.20730291534467787,0.2073029153446778,0.20730291534467785,0.2073029153446778,0.2073029153446778,0.2073029153446778,0.20730291534467787,0.2073029153446778,0.20730291534467785,0.2073029153446778,0.2073029153446778,0.20730291534467787,0.2073029153446778,0.2073029153446778,0.2073029153446778,0.2073029153446778,0.2073029153446778,0.2073029153446778,8.638878251632129e-05,8.170303460935873e-05,7.957533249563248e-05,7.820672361273977e-05,7.720220394539955e-05,7.641038768824171e-05,7.575749377629274e-05,7.520214145371762e-05,7.47188613091215e-05,7.429088123990908e-05,7.390659375110658e-05,7.355764551750287e-05,7.323783648376794e-05,7.294243798036418e-05,7.266774750507036e-05,7.24107971232856e-05,7.216917301517267e-05,7.194091505468395e-05,7.172444895858521e-05,7.151853152206245e-05,7.132217363051253e-05,7.113454596920612e-05,7.095487951134567e-05
0.5149999999999999,0.2073029153446778,0.2073029153446778,0.20730291534467785,0.20730291534467785,0.2073029153446778,0.20730291534467787,0.2073029153446778,0.2073029153446778,0.2073029153446778,0.2073029153446778,0.2073029153446778,0.2073029153446778,0.2073029153446778,0.2073029153446778,0.2073029153446778,0.2073029153446778,0.2073029153446778,0.2073029153446778,8.731356612146756e-05,8.196952333759602e-05,7.971825693576098e-05,7.829934197860222e-05,7.726811161949332e-05,7.646001881342271e-05,7.579633002081736e-05,7.523339591337435e-05,7.474456231150866e-05,7.431238766776653e-05,7.392485728836872e-05,7.357335048986182e-05,7.325149004999927e-05,7.295442485168647e-05,7.267836541981452e-05,7.242028027628569e-05,7.217770800753236e-05,7.194864942561875e-05,7.173150148438442e-05,7.152499700490286e-05,7.132813033126899e-05,7.114005937851189e-05,7.096000730208011e-05
0.53675,0.20730291534467787,0.2073029153446778,0.2073029153446778,0.2073029153446778,0.2073029153446778,0.20730291534467787,0.2073029153446778,0.20730291534467785,0.2073029153446778,0.2073029153446778,0.20730291534467785,0.20730291534467787,0.2073029153446778,0.20730291534467785,0.20730291534467787,0.20730291534467785,0.2073029153446778,0.2073029153446778,8.863274554737717e-05,8.229133180181352e-05,7.98862048004225e-05,7.840722163264001e-05,7.73446653004727e-05,7.651764628359215e-05,7.584145355839923e-05,7.526975640521398e-05,7.477451024318866e-05,7.433749137307834e-05,7.394620603530007e-05,7.35917304027073e-05,7.3267486808826e-05,7.296848026664818e-05,7.269082188468711e-05,7.243140732742365e-05,7.218772005911142e-05,7.195771779308161e-05,7.17397633018034e-05,7.153256306527113e-05,7.133509051742588e-05,7.114649010458205e-05,7.096597552893065e-05
0.5585,0.20730291534467787,0.20730291534467787,0.20730291534467787,0.2073029153446778,0.20730291534467785,0.2073029153446778,0.2073029153446778,0.2073029153446778,0.20730291534467785,0.2073029153446778,0.2073029153446778,0.2073029153446778,0.2073029153446778,0.2073029153446778,0.20730291534467787,0.20730291534467787,0.2073029153446778,0.2073029153446778,9.071751317028568e-05,8.268124365684844e-05,8.008265193305603e-05,7.853197234664845e-05,7.743280698943038e-05,7.658391137466593e-05,7.589335421086402e-05,7.531161088486386e-05,7.48090210201655e-05,7.43664559016373e-05,7.397087078331167e-05,7.361299331109077e-05,7.328600928547032e-05,7.298476616683472e-05,7.270526094677741e-05,7.244430762088313e-05,7.219932604537465e-05,7.196822505971412e-05,7.174932873111674e-05,7.154131329825961e-05,7.134312955744791e-05,7.115390605714564e-05,7.097284636437732e-05
0.5802499999999999,0.2073029153446778,0.2073029153446778,0.20730291534467785,0.2073029153446778,0.2073029153446778,0.2073029153446778,0.2073029153446778,0.2073029153446778,0.2073029153446778,0.2073029153446778,0.2073029153446778,0.20730291534467787,0.2073029153446778,0.2073029153446778,0.20730291534467787,0.2073029153446778,0.2073029153446778,0.2073029153446778,9.494401419535066e-05,8.315743725902867e-05,8.031184678104303e-05,7.867540014875055e-05,7.753356111804926e-05,7.665948796604958e-05,7.595251504392275e-05,7.535934217326414e-05,7.484841476472369e-05,7.439955121414031e-05,7.399908105846693e-05,7.363733554536335e-05,7.330723333803868e-05,7.300344017984797e-05,7.272182514750747e-05,7.245910766353575e-05,7.221263741984765e-05,7.198027057796136e-05,7.176028593219297e-05,7.15513260632751e-05,7.135231643457551e-05,7.116236780039484e-05,7.09806719735643e-05
0.602,0.2073029153446778,0.20730291534467785,0.20730291534467785,0.2073029153446778,0.2073029153446778,0.2073029153446778,0.2073029153446778,0.2073029153446778,0.2073029153446778,0.2073029153446778,0.20730291534467787,0.20730291534467787,0.20730291534467787,0.2073029153446778,0.2073029153446778,0.2073029153446778,0.2073029153446778,0.2073029153446778,0.2073029153446778,8.374691888223957e-05,8.057906116639877e-05,7.883955777455558e-05,7.764801260170576e-05,7.674507025487539e-05,7.60194357623794e-05,7.541332880644386e-05,7.489299103620933e-05,7.443703100072365e-05,7.403105817142008e-05,7.366494878213985e-05,7.333132369541534e-05,7.302464591518975e-05,7.274063858919166e-05,7.247591664085531e-05,7.222775194151392e-05,7.199393723265105e-05,7.177270488255443e-05,7.156265917916585e-05,7.136269903607722e-05,7.117191429383559e-05,7.098948392327128e-05
0.6237499999999999,0.2073029153446778,0.2073029153446778,0.2073029153446778,0.2073029153446778,0.2073029153446778,0.2073029153446778,0.20730291534467787,0.20730291534467785,0.2073029153446778,0.20730291534467787,0.2073029153446778,0.2073029153446778,0.20730291534467785,0.20730291534467787,0.2073029153446778,0.2073029153446778,0.2073029153446778,0.2073029153446778,0.2073029153446778,8.449217211507046e-05,8.089091914265103e-05,7.902676923371019e-05,7.777730488012047e-05,7.684133802144096e-05,7.609457555136832e-05,7.547391442774498e-05,7.494302183892988e-05,7.447911175970925e-05,7.406697696865228e-05,7.369598129778617e-05,7.335840753071444e-05,7.304848756929209e-05,7.276178445334384e-05,7.249479947862706e-05,7.224471518211303e-05,7.200925714081786e-05,7.178660473777135e-05,7.15753216367764e-05,7.137427473461362e-05,7.118253370618913e-05,7.099926273681504e-05
0.6455,0.2073029153446778,0.2073029153446778,0.20730291534467785,0.2073029153446778,0.2073029153446778,0.2073029153446778,0.20730291534467787,0.2073029153446778,0.2073029153446778,0.2073029153446778,0.20730291534467787,0.2073029153446778,0.20730291534467787,0.2073029153446778,0.2073029153446778,0.2073029153446778,0.2073029153446778,0.2073029153446778,0.2073029153446778,8.546104903564042e-05,8.125471863347778e-05,7.92391372304583e-05,7.792232265856132e-05,7.694874833172753e-05,7.617820168334384e-05,7.554126553307072e-05,7.499861446886764e-05,7.452586506556372e-05,7.410688097834313e-05,7.373044816761374e-05,7.338847423337453e-05,7.307493529669494e-05,7.278521799812415e-05,7.25156913831737e-05,7.226344462030175e-05,7.20261314286375e-05,7.180187305942989e-05,7.15891882555942e-05,7.13869114323225e-05,7.119408935497074e-05,7.100987124357515e-05
0.6672499999999999,0.2073029153446778,0.2073029153446778,0.2073029153446778,0.2073029153446778,0.2073029153446778,0.2073029153446778,0.2073029153446778,0.2073029153446778,0.2073029153446778,0.2073029153446778,0.2073029153446778,0.20730291534467787,0.2073029153446778,0.2073029153446778,0.2073029153446778,0.2073029153446778,0.2073029153446778,0.20730291534467787,0.2073029153446778,8.669340666249675e-05,8.16632644744208e-05,7.947263867240603e-05,7.808074810088176e-05,7.706580624182609e-05,7.626924765315788e-05,7.561455547855517e-05,7.505908364413399e-05,7.457669036571988e-05,7.415022218733239e-05,7.376783602148861e-05,7.342103011982737e-05,7.310350426356975e-05,7.281045236732508e-05,7.253810785708332e-05,7.22834585025507e-05,7.204407916944462e-05,7.181802973834163e-05,7.160378528870402e-05,7.140014516573127e-05,7.120613223200099e-05,7.10208784570347e-05
0.689,0.2073029153446778,0.2073029153446778,0.2073029153446778,0.2073029153446778,0.20730291534467787,0.2073029153446778,0.2073029153446778,0.2073029153446778,0.2073029153446778,0.2073029153446778,0.20730291534467787,0.20730291534467787,0.20730291534467787,0.2073029153446778,0.2073029153446778,0.2073029153446778,0.2073029153446778,0.2073029153446778,0.2073029153446778,8.68489717352216e-05,8.188486112491776e-05,7.964769929423034e-05,7.821697560042621e-05,7.717363789856806e-05,7.635634436904797e-05,7.5686203902128e-05,7.511894563426238e-05,7.462735249531003e-05,7.41935546902447e-05,7.380522258633848e-05,7.345351714272494e-05,7.313190046917687e-05,7.283539665737787e-05,7.256011543134432e-05,7.230295187539718e-05,7.206140880429352e-05,7.183349216282378e-05,7.161763221988991e-05,7.141259667124776e-05,7.121738425238054e-05,7.103110920070701e-05
0.7107499999999999,0.20730291534467787,0.20730291534467785,0.2073029153446778,0.2073029153446778,0.2073029153446778,0.2073029153446778,0.2073029153446778,0.2073029153446778,0.2073029153446778,0.2073029153446778,0.2073029153446778,0.20730291534467785,0.2073029153446778,0.20730291534467787,0.2073029153446778,9.799872593282345e-05,8.774019356446777e-05,8.484625477373372e-05,8.303824756525028e-05,8.156634681254296e-05,8.023745235933675e-05,7.90381963212788e-05,7.799175905164996e-05,7.710003457147595e-05,7.634407333479028e-05,7.569862295917831e-05,7.514062382712589e-05,7.465160926258153e-05,7.42174733639097e-05,7.382756821572595e-05,7.347382936889328e-05,7.315008311138296e-05,7.285152593049201e-05,7.2574347483906e-05,7.231547647000812e-05,7.207242619379432e-05,7.184320151266754e-05,7.162622628497167e-05,7.142025909129728e-05,7.122428811733355e-05,7.103741481231674e-05
0.7324999999999999,0.2073029153446778,0.20730291534467787,0.2073029153446778,0.2073029153446778,0.2073029153446778,0.2073029153446778,0.2073029153446778,0.2073029153446778,0.2073029153446778,0.2073029153446778,0.20730291534467785,9.017276023688424e-05,8.430376732931422e-05,8.195552185652144e-05,8.052460560536726e-05,7.952365475676593e-05,7.877620161759075e-05,7.819896945925385e-05,7.774474155748734e-05,7.738001722567716e-05,7.707307864245981e-05,7.678801825478452e-05,7.648726028261004e-05,7.614413811971961e-05,7.575545968823715e-05,7.53388695526324e-05,7.491777784670229e-05,7.450973041940527e-05,7.41239315006489e-05,7.376350135835296e-05,7.342821838700983e-05,7.311636090465016e-05,7.282568821930367e-05,7.25539002480041e-05,7.229884121962048e-05,7.205859552535519e-05,7.1831533285374e-05,7.16163148088571e-05,7.14118502080135e-05,7.121722037953907e-05,7.103157982146068e-05
0.7542499999999999,0.2073029153446778,0.20730291534467787,0.2073029153446778,0.2073029153446778,0.20730291534467787,0.2073029153446778,0.2073029153446778,0.2073029153446778,9.143420553216256e-05,8.419513574233761e-05,8.162528286581168e-05,8.007507319006242e-05,7.897716802111026e-05,7.813487785484777e-05,7.745744665153431e-05,7.689601645807238e-05,7.642163616223863e-05,7.601614837333723e-05,7.566775861016016e-05,7.536869420002297e-05,7.511358434776408e-05,7.489801579333832e-05,7.471667203351512e-05,7.456106362425575e-05,7.441763935990468e-05,7.426858772550406e-05,7.4097303228241e-05,7.38958446885122e-05,7.366733527914165e-05,7.34213062215325e-05,7.316782517105544e-05,7.291454196590474e-05,7.26663055511179e-05,7.242579207600168e-05,7.219424931582597e-05,7.197208161239383e-05,7.175924628241684e-05,7.155549063806695e-05,7.136046514723515e-05,7.117375014921597e-05,7.09948360302125e-05
0.7759999999999999,0.2073029153446778,0.2073029153446778,0.2073029153446778,0.2073029153446778,0.2073029153446778,0.2073029153446778,8.603544072009392e-05,8.239879952864334e-05,8.049441226343348e-05,7.92147466913424e-05,7.825654309125311e-05,7.749371782559273e-05,7.686209558622987e-05,7.63247257757671e-05,7.58585312528985e-05,7.544822808430824e-05,7.508329699207049e-05,7.475629021016684e-05,7.446189396709929e-05,7.419633504935563e-05,7.395703876685143e-05,7.374238306102772e-05,7.355150476002027e-05,7.33839983935049e-05,7.323941120263675e-05,7.311632615279524e-05,7.301105619959712e-05,7.291636119120823e-05,7.282145262850271e-05,7.271474874931884e-05,7.258864893030136e-05,7.244234376700954e-05,7.228005538427677e-05,7.210754609203304e-05,7.192988585198119e-05,7.175082048189343e-05,7.157290886363218e-05,7.139783061803032e-05,7.122663988752992e-05,7.105992812222144e-05,7.089792038130395e-05
0.79775,0.2073029153446778,0.2073029153446778,0.20730291534467785,9.249200290417208e-05,8.412516686722976e-05,8.143382061914286e-05,7.983066717348521e-05,7.869603619626932e-05,7.782115824845643e-05,7.711080548636565e-05,7.65137275031783e-05,7.599930022756358e-05,7.554781209912663e-05,7.514589339791171e-05,7.478408574107833e-05,7.445549961364893e-05,7.415499268077125e-05,7.387867495221142e-05,7.36235757613076e-05,7.338744082756081e-05,7.316858128548371e-05,7.29657928235571e-05,7.27782957333222e-05,7.260571551171299e-05,7.244806143301186e-05,7.2305686852886e-05,7.217914549187276e-05,7.206888770766393e-05,7.197464976784851e-05,7.1894566727388e-05,7.182424603921047e-05,7.175648224808474e-05,7.168268751795031e-05,7.159610862868014e-05,7.149444966230448e-05,7.137953855999693e-05,7.125500359039852e-05,7.112443646345773e-05,7.09906579380152e-05,7.085564365794522e-05,7.072066475144031e-05
0.8194999999999999,0.2073029153446778,8.829026184654705e-05,8.308526447496344e-05,8.082404784498815e-05,7.938881820150821e-05,7.83429925562918e-05,7.752272087542818e-05,7.68490124666749e-05,7.627790385104975e-05,7.578246757980315e-05,7.53450741501188e-05,7.495357023418839e-05,7.45992572524328e-05,7.427570289152912e-05,7.397804625712362e-05,7.370253300839433e-05,7.344623182422048e-05,7.320681744157246e-05,7.298243812104252e-05,7.27716041826268e-05,7.25731287889503e-05,7.238607767151692e-05,7.220975391641371e-05,7.204368393625923e-05,7.188761990407904e-05,7.174154797004864e-05,7.16056861077649e-05,7.148049033708883e-05,7.136662226042986e-05,7.126485727485904e-05,7.117585647839711e-05,7.109974621412552e-05,7.103550187191089e-05,7.098027190291758e-05,7.092903582667783e-05,7.087530132511108e-05,7.081320196542324e-05,7.07397629569404e-05,7.065530505363068e-05,7.056194780102632e-05,7.046210129394162e-05
0.8412499999999999,8.246328665190504e-05,8.04244521103024e-05,7.908595738008834e-05,7.809448611697603e-05,7.730922695425744e-05,7.666009988735662e-05,7.610725994378282e-05,7.562595666058657e-05,7.519979201793618e-05,7.481736609413516e-05,7.447044754287624e-05,7.415290610262998e-05,7.386007833267016e-05,7.358833374924253e-05,7.333480943178295e-05,7.309720584537191e-05,7.287365917129595e-05,7.266263140565e-05,7.246285573490893e-05,7.22732844899753e-05,7.209306396707131e-05,7.192151323230485e-05,7.175811244993054e-05,7.160247730926904e-05,7.145434716238793e-05,7.131356264856221e-05,7.118005622045022e-05,7.105385383831632e-05,7.093508538954458e-05,7.0824011314603e-05,7.07210536126887e-05,7.062680851212582e-05,7.054200507827777e-05,7.046734630037134e-05,7.040318890469718e-05,7.03490591888997e-05,7.030311100244956e-05,7.026176327917501e-05,7.021997557452782e-05,7.01725849944781e-05,7.011623279970862e-05
0.8629999999999999,7.888766633827741e-05,7.792566260070972e-05,7.716017784367521e-05,7.652548782487948e-05,7.598384354897795e-05,7.551160320957677e-05,7.509300856209753e-05,7.471705675203227e-05,7.437575899286058e-05,7.406315565839325e-05,7.377467946891341e-05,7.350677374869281e-05,7.32566085061273e-05,7.30219066055483e-05,7.280079659416462e-05,7.259173279843213e-05,7.239341915068968e-05,7.220478039241722e-05,7.202492219298956e-05,7.185312038138503e-05,7.16887882111079e-05,7.153146157681509e-05,7.138076213625513e-05,7.123637798005696e-05,7.109803301577783e-05,7.096547447393418e-05,7.083846721092277e-05,7.071679748166598e-05,7.060029543548767e-05,7.048885868466244e-05,7.038248952471489e-05,7.028133205720725e-05,7.01857096670741e-05,7.00961514723711e-05,7.001339256162795e-05,6.993831487881446e-05,6.987179209641848e-05,6.981440294659622e-05,6.976602949195137e-05,6.972542760495057e-05,6.968991823995895e-05
0.8847499999999999,7.7066222592664e-05,7.643726172346278e-05,7.590043175193569e-05,7.543240368702789e-05,7.50176098072626e-05,7.464515171979463e-05,7.430711621583233e-05,7.399758408740734e-05,7.37120138415716e-05,7.344686528557532e-05,7.319930903458635e-05,7.296706402235412e-05,7.274824445497275e-05,7.254128999246535e-05,7.23448853375595e-05,7.21579392519347e-05,7.197953794798426e-05,7.180893856356855e-05,7.164552758990825e-05,7.148880864627767e-05,7.133835758841287e-05,7.119380632811769e-05,7.105480488796899e-05,7.092101455524207e-05,7.079209032422298e-05,7.066769037333827e-05,7.054748458930162e-05,7.043117337271114e-05,7.031851049113851e-05,7.020932731058737e-05,7.010355130326444e-05,7.000122342152567e-05,6.990250898972127e-05,6.980770283368337e-05,6.97172337359501e-05,6.963166269370076e-05,6.95516742616775e-05,6.947805245402927e-05,6.941161842291138e-05,6.935310550920765e-05,6.930295139020488e-05
0.9064999999999999,7.58535195514964e-05,7.538531794584776e-05,7.497079121763278e-05,7.45989181083719e-05,7.426171033801404e-05,7.395318745209538e-05,7.366877434431934e-05,7.340488991071854e-05,7.315868238130476e-05,7.292783758058027e-05,7.271044896460489e-05,7.250492761866062e-05,7.230994240078501e-05,7.212438017159179e-05,7.194731618459896e-05,7.177798739892143e-05,7.161576648007202e-05,7.146012849698943e-05,7.13106236164458e-05,7.116684283699386e-05,7.102839743407084e-05,7.089489833298304e-05,7.07659525520208e-05,7.064116434754286e-05,7.052014514740574e-05,7.040253713204473e-05,7.028802681676573e-05,7.017636910908396e-05,7.006740091660863e-05,6.996105472058137e-05,6.985736082537818e-05,6.975644449675776e-05,6.965851717422498e-05,6.956386345501327e-05,6.947282420367847e-05,6.938578114263801e-05,6.930314562947e-05,6.922534712394085e-05,6.915282873807093e-05,6.908604501682514e-05,6.902545092761857e-05
0.9282499999999999,7.495104084742491e-05,7.45771303023062e-05,7.423849681364176e-05,7.392902527355262e-05,7.364403893679724e-05,7.337988148263979e-05,7.313364700642015e-05,7.290297228501272e-05,7.268591403907072e-05,7.248085014560853e-05,7.228642550337776e-05,7.210150580056642e-05,7.192515119542402e-05,7.175658239916689e-05,7.159515561955057e-05,7.144032517975815e-05,7.129161616362593e-05,7.114858996944435e-05,7.101082522485549e-05,7.087789860138707e-05,7.07493837627998e-05,7.062485193950335e-05,7.050388780670462e-05,7.038610356637677e-05,7.0271161538762e-05,7.015879129621364e-05,7.004880500565268e-05,6.99411058025828e-05,6.98356933115752e-05,6.973265658051827e-05,6.963216242064964e-05,6.953444445583691e-05,6.94397780612111e-05,6.934846263714763e-05,6.926080000309284e-05,6.917707696432447e-05,6.909754991314633e-05,6.902243695756093e-05,6.895191297360585e-05,6.888611295678054e-05,6.882514085509399e-05
0.95,7.423677824706395e-05,7.392463144762237e-05,7.363751913218238e-05,7.337168144440401e-05,7.312412838899483e-05,7.289243326070357e-05,7.267460428577734e-05,7.246897887573696e-05,7.227417169059977e-05,7.208902494884215e-05,7.191258009670908e-05,7.174404208579073e-05,7.158275030391024e-05,7.14281409175399e-05,7.127971683488288e-05,7.113701460420163e-05,7.099958558403425e-05,7.086697889133592e-05,7.073874211537931e-05,7.061442239155916e-05,7.049358551848743e-05,7.037582685224019e-05,7.02607973443062e-05,7.01482164632256e-05,7.003788591798034e-05,6.992970390677688e-05,6.982365815411346e-05,6.97198276309192e-05,6.961836917433964e-05,6.951949870067273e-05,6.942347690848131e-05,6.933058266475886e-05,6.924109516817313e-05,6.915527208296245e-05,6.907333333292366e-05,6.899544644466855e-05,6.892171989368294e-05,6.885219750223874e-05,6.878685957461308e-05,6.87256288199741e-05,6.866838094760007e-05
