subject_id,n_obs_B,RMSE_B,NRMSE_B,R2_B,n_obs_H,RMSE_H,NRMSE_H,R2_H,r_M,gamma,sigma_F,sigma_A,p_max,s_B,a_B
C3001,6.0,1.276765757510345,3.7378949720834136,-12.971858822326462,6.0,0.8829445622949108,0.8829445622949108,0.2204088999138486,0.2689015442049019,0.18485021591429285,0.0007983413368265174,0.045069805161515056,0.43209401845959927,0.2756728476457175,4.999999734601393
C3002,6.0,1.3117144360880397,10.184219604654764,-102.71832895583442,6.0,1.1647081987135786,1.1647081987135786,-0.35654518815062874,0.4317628712050905,0.4299887175440893,0.5983291600534397,0.131001474702218,1.8555983476518585,0.18615553278729177,4.999999848718338
C3003,5.0,1.5570346773600843,3.1395808425900893,-8.856967867158696,5.0,1.0302281817057337,1.0302281817057337,-0.06137010638070217,1.2629606366889035,0.11279868856797898,0.09469888576917473,1.1310546547484956,4.794347196355074,0.24915345227106678,4.999999999931461
C3004,5.0,1.424114820207503,7.709714976297615,-58.439705015747734,4.0,0.9426617395288669,0.9426617395288669,0.1113888448284106,0.38391795507064574,0.33851081628406376,0.02075262240708535,1.492500000000092,3.229517864954507,0.2845680672428252,4.999999999999999
C3005,5.0,1.1374654318673307,6.874839666803027,-46.263420444248354,1.0,12.315148462450402,,,0.05000030067392967,0.1720251274455752,1.499999587667552,1.4863130858077804,4.999996347557308,0.3567631820266344,4.999995200261155
C3006,5.0,1.5140859441320391,2.9786131370403948,-7.872136220149619,4.0,1.208713368678133,1.2087133686781328,-0.4609880076212396,0.20157772624335188,0.24287079262307606,0.12362905369212653,1.4658718931502148,4.999822057110912,0.31847075416919524,4.999999999999999
C3008,4.0,1.4210019441740618,18.39234670800167,-337.27841742733995,3.0,2.1364234392931265,,,1.8289837896808445,0.07640245598230534,1.6433099250687083e-06,1.1249088476400562,0.30000000000000004,0.27647445552591843,4.999999999999999
C3009,6.0,1.2203801425746685,5.890014123432295,-33.69226637423192,4.0,1.5480708881281688,1.548070888128169,-1.3965234746699382,0.36727690093675097,0.3100525279156866,3.618493118671312e-08,0.007499999999971188,0.3043449602071639,0.30468024596498455,4.999999999999999
C3010,6.0,1.6125360758171503,7.5280650267776315,-55.6717630473925,5.0,0.9470360542877552,0.9470360542877552,0.10312271187908006,0.3578051072847239,0.39871931588513876,0.0681058310009638,0.12867605469783971,4.767202162081329,0.3299126251623737,4.999998007985592
C3011,5.0,2.1672748999930866,11.534706480799711,-132.0494535982029,5.0,1.9160753609179055,1.9160753609179055,-2.6713447887166817,0.4458792899793463,0.4237037948060052,0.10843695860072285,1.974750757161107e-06,0.3029308720280133,0.32209027345598906,4.999999999999999
C3012,6.0,0.7946437025754584,2.207788780707951,-3.874331300219901,2.0,8.666994660724054,,,0.05000000000000001,2.922755628707797e-19,1.4999999999999998,4.807919623909728e-18,4.964574963241761,0.39935407281069685,4.999999999999999
C3013,5.0,1.4387750594884268,4.791611820626378,-21.95954383956644,5.0,1.0423802191603184,1.0423802191603184,-0.08655652129671343,1.3067194602500507,0.34647119510897006,0.05371449343365394,0.7585854701016452,0.3510158289950711,0.23025878200051328,4.999984746553466
C3015,5.0,0.9950942604888092,2.501181552710522,-5.255909159619419,2.0,7.943656415515071,7.943656415515071,-62.10167724775374,0.05000000000000008,1.0630535603593766e-16,1.4999999999999998,1.497546393991172,0.30000000000000004,0.26129043172978855,4.999999999999998
C3016,7.0,1.7421491737460222,6.591666223527713,-42.45006360239609,6.0,0.7292918599864642,0.7292918599864642,0.4681333829574835,1.797994717151077,1.0113952654568579,4.3400332123524315e-08,0.7126911508163096,0.3000000000000117,0.24554810131836502,4.999999999999999
C3017,6.0,1.4457782682646245,1.8512392514380065,-2.4270867660647504,6.0,0.9207676875963078,0.9207676875963078,0.15218686547854832,1.2503431023725664,0.12263813008698154,0.2450443623953282,1.0715704997870839,4.613546116916204,0.29337072203119846,4.999999999999999
C3021,4.0,1.4614811142067463,10.385653840662654,-106.86180569807091,3.0,1.7638391043563777,1.7638391043563777,-2.1111283860567087,0.05000784788280057,0.060949033112663115,1.4987518770882262,0.7368878988753668,2.4836737195140115,0.2756621739246546,4.999999999999999
C3022,6.0,1.6498983296139276,6.348833503858068,-39.307686859710714,0.0,,,,0.050000000037143943,0.6105114983594024,1.4999999995179267,1.0291987885625216,0.3000002573849413,0.34018442335372606,4.999999994418335
C3023,7.0,1.657542679044489,12.411300092210787,-153.04036997891149,6.0,1.475770394650361,1.475770394650361,-1.1778982577264823,0.384855415388742,0.3483389471541313,0.03684683249327387,2.2081193145952432e-05,0.3368193676323009,0.24562886769970527,4.999999999999999
C3027,6.0,1.4543992092276243,8.391450757176354,-69.41644581011565,6.0,2.012310345907576,2.012310345907576,-3.049392928246667,0.15172992836797997,1.5577783440693773,0.009082840093619713,0.06678754743315643,4.159943638296652,0.2577452896808723,4.999999826807479
C3028,5.0,1.4836373593113494,4.906580570792165,-23.07453289767517,5.0,2.6528461431824306,2.6528461431824306,-6.037592659397897,0.8455363121573934,0.9915667046565554,0.18688906929989388,0.9570209807905574,2.489543996663009,0.3047438995581393,4.999999186572438
C3031,4.0,1.3730942877219496,10.860025086749836,-116.9401448848358,3.0,1.1904757160720838,1.1904757160720838,-0.41723243055734005,1.3895235963069492,0.25204380550011624,0.13124315985063964,1.0534317955066301,4.47313672657012,0.28906243040713386,4.9999999999998055
C3032,8.0,1.5063243029534337,13.268405062035464,-175.05057289024833,4.0,4.213348387236399,,,0.6080121471050454,0.6906084322055379,0.10957760966916442,0.0026582750328738194,0.5192979575204885,0.2828326539583491,4.999999999941468
C3034,5.0,1.2596563571509307,3.509082571366542,-11.313660492668424,5.0,1.1890776136241386,1.1890776136241383,-0.4139055712220756,1.402770636790892,0.2251791180402467,0.22056839490828145,1.1076644225817898,1.6556312267858524,0.3062639315844977,4.999999999999999
C3035,5.0,1.5650010062194037,10.881385087571925,-117.40454142403267,4.0,1.4882410969290378,1.488241096929038,-1.2148615625885464,0.5725154166545234,0.5715542698942382,0.06738002642783236,0.007219695608579995,1.1441180836561284,0.28009500865240144,4.9999999999898215
C3037,8.0,1.4450934199823418,6.160630189399462,-36.95336433054005,3.0,0.9212143553438398,0.92121435534384,0.15136411150843343,0.5759121421318357,0.5861476850669125,0.055407823763372534,1.0678457344470542,4.996819667796748,0.230587710909141,4.99999999963433
E5001,5.0,1.6280581070548297,10.224926843423553,-103.54912895336358,4.0,1.3202116368028045,1.3202116368028047,-0.7429587659495402,0.510352411896033,0.5055751129329003,0.05707513471737365,1.4925,0.3091605716959814,0.25806204593406973,4.999974511295916
E5004,5.0,1.3511842096735343,5.24999361352759,-26.562432942080484,5.0,1.3609207745898495,1.3609207745898493,-0.8521053547102349,1.162418029219815,0.35096905423712527,0.15481955049659535,1.236843000796171,0.6223226741905598,0.16079426365871352,4.999996752388004
E5009,5.0,1.2036944533407714,7.2695993275832524,-51.84707438359889,4.0,1.042063013718008,1.042063013718008,-0.08589532455905724,0.396090902724743,0.00715379750723962,0.20861268683534248,1.2299430908698064,4.980570304092594,0.2481202053608563,4.999999904212705
E5013,5.0,1.417466836396061,5.3629618659845475,-27.761359976004456,3.0,0.8554619754843239,0.8554619754843239,0.2681848085004581,0.4932944515549426,0.6910538756824746,0.6613070760727612,0.40965724188006075,0.3803499727665059,0.3074757510520447,4.999999878067049
H4001,8.0,1.5265516335008833,5.483203645547529,-29.065522218545713,3.0,1.3463605835239283,1.3463605835239285,-0.8126868208668929,0.5457906470838666,0.4966513813574081,8.413908748879787e-08,1.4924999999991133,0.37618632490433007,0.2709675431674585,4.999999999999999
H4004,8.0,1.388898632854486,3.1873112113558633,-9.158952758034783,7.0,2.640009131792022,2.6400091317920222,-5.9696482159452655,0.27656882161108265,1.3568158002198187,0.07736399777932927,0.051448903941560584,0.37270994404330454,0.26695119856934085,4.999830791398424
H4006,6.0,1.614893797637881,1.3300731341162524,-0.7690945420978303,2.0,7.861916708596002,7.861916708596002,-60.809734332901,0.0500000956741259,1.0232570222547897e-07,1.4999997950120922,1.946421579666884e-08,4.999018089133527,0.05000003718813476,4.999999999999999
H4007,5.0,1.5227802955056986,4.8404031876571265,-22.429503019081274,5.0,4.016409088371666,4.016409088371667,-15.131541965154518,0.5950968906143537,1.2015407322537979,0.09106253169046664,0.7112634573111487,0.9435344905568066,0.22525951208208222,4.999999992867744
H4008,6.0,1.5318572855863972,8.012192406891563,-63.195227165050824,0.0,,,,0.050007638369642844,0.6335554818527239,1.49777379386182,0.007500000000000013,0.4293308816571389,0.3410076956169979,4.999999767594123
H4009,6.0,1.2600010085003028,8.426541765080763,-70.00660611865042,0.0,,,,0.05000000000001692,1.0620144804460291e-15,1.499999999999995,0.9377943923632177,0.3000000000000003,0.2848649360253668,4.999999999999968
H4010,7.0,1.5265217406208735,5.5150181383300705,-29.415425066109673,3.0,0.9730309647083646,0.9730309647083646,0.05321074171870954,0.267631811701183,0.3907825635168472,0.35288392411854147,0.4128172988032417,0.31288665376451574,0.27332629215142024,4.999967180947778
H4013,5.0,1.6899559005081395,12.501263271509046,-155.28158338358108,0.0,,,,0.05000000000000001,2.4591026574635475e-18,1.4999999999999998,6.032619230478161e-16,0.4856579912613914,0.390353810804417,4.999999999999999
H4014,6.0,1.7915637300066944,12.292587519222574,-150.10770791774658,3.0,1.7346155921900457,1.7346155921900457,-2.0088912526688225,0.3434742874179821,0.3262931104853069,0.09426304301449046,0.2626592329155695,0.3112083954309014,0.2892454485499993,4.9999948511626915
H4015,6.0,1.5962744213286668,1.8273973227886522,-2.3393809753351333,4.0,1.492324387944441,1.4923243879444412,-1.227032078853751,0.23873534018492082,0.9416406998297351,0.034958295819404184,0.12663777530008932,2.8089019275339453,0.28037287569868846,4.999998370172883
H4016,6.0,1.2610034993492838,4.212073820607271,-16.741565870245132,0.0,,,,0.05000000000007752,6.558548627538693e-12,1.4999999990242074,0.00129220862636803,4.999997391563123,0.34455544803010474,4.999999995150964
H4017,4.0,1.274827881779613,1.660367086930972,-1.756818863363642,4.0,0.8483985480323443,0.8483985480323444,0.2802199036966099,1.741182948763347,5.6544516938724356e-05,0.05037844040816562,1.4230451850439507,0.5846322898166195,0.27517588345967675,4.999999999999999
H4018,6.0,1.301964442445008,5.973781884461765,-34.686070003123554,0.0,,,,0.050000000007388815,6.1318086575766145e-12,1.4999999999895848,1.4986837019380101,0.3000000000000003,0.3025084686893227,4.999999999914816
H4019,6.0,1.5161668932554637,3.6727427152252883,-12.489039052240424,5.0,1.114644657395783,1.1146446573957831,-0.2424327122609624,0.21879363767344592,0.2674723987372873,0.3330747078224405,0.00033988568266317344,4.096469044431424,0.18724074330268956,4.999999999999999
H4020,5.0,1.6943516258841982,16.018482883190426,-255.5917938790646,4.0,1.5636424712021226,1.5636424712021229,-1.4449777777470816,0.4616499348691505,0.4069532591163423,0.0023979022059413212,0.007500000012723175,0.300426885403523,0.2624122621825212,4.9999999505194825
H4022,5.0,1.3057687887736376,5.230104645570666,-26.353994603619856,0.0,,,,0.050000007139703886,1.9999855727441065,1.4999997319149352,0.007500000000000061,4.999990668896707,0.34923533175379845,4.999999993060505
H4023,5.0,1.6406818241619057,10.744139281898848,-114.43652890884191,0.0,,,,0.05000000002038424,1.4415405863215615e-12,1.4999999999940887,0.004507960362439167,4.999999955647574,0.36125088170568237,4.999999999915199
H4024,4.0,0.7153630749000702,2.461252679286938,-5.057764751297128,0.0,,,,0.05000000000000299,4.958627441227499e-15,1.4999999999999725,0.5817153741916248,4.560779734223332,0.18231906169805923,4.999999999999999
H4027,5.0,1.346921715664871,5.4732792993648545,-28.956786288855834,4.0,1.0882098480656766,1.0882098480656766,-0.18420067342712243,0.35496944063355224,0.3498976660199025,0.05047205702868556,0.4904316423448432,3.7460235715962225,0.2525005015943901,4.9999999999969305
H4030,5.0,1.0590472900720755,1.789476968796153,-2.202227821851868,0.0,,,,0.05000000000000002,1.9990577575886814,1.4999999800367292,1.4925000000000002,4.998077476781948,0.2814615553964736,4.999999999997876
H4031,5.0,1.4948749879923724,14.899274030312322,-220.98836663033921,2.0,8.77903593925761,8.77903593925761,-76.07147202277677,0.05000000000000001,1.0969472829943208e-26,1.4999999999999998,4.143998786531207e-24,4.934559672355503,0.37113991925678474,4.999999999999999
H4032,5.0,1.2103735745536452,3.039648211500962,-8.239461249681002,0.0,,,,0.05000000000000016,6.444216509626075e-16,1.4999999999999982,5.690576955527344e-15,4.037352656455279,0.4183669445467967,4.999999999999999
H4035,7.0,1.6989781296595425,4.922632024906254,-23.232306052632648,6.0,3.054534262366025,3.0545342623660257,-8.330179559967958,0.515699109320215,1.462460090993661,0.13569659437139145,0.6549521749824151,0.304932022549376,0.19531547626927703,4.999984020073835
H4038,6.0,1.1535392547331151,3.951599111923607,-14.615135541355436,2.0,9.364792866873909,9.364792866873909,-86.69934543945246,0.05000000000000004,8.429618260642068e-16,1.4999999999999925,4.127564063371065e-16,0.8091311426003239,0.2919076444652035,4.999999999999999
H4039,4.0,1.4743381368798811,1.6319876778458229,-1.6633837806406016,1.0,0.5,,,0.05000000000000024,2.142428404150351e-17,1.4999999999999998,4.120822244464135e-17,3.047613300481199,0.05000000000415804,4.999999999999999
H4040,4.0,1.316360847894963,9.96078231257014,-98.21718427841014,1.0,11.028226757257569,,,0.0500000000000353,5.074947239328051e-15,1.4999999999999867,1.49393889251129,0.300000000000029,0.28282596692489675,4.999999999999739
H4042,4.0,1.7588877643966168,14.307851251966438,-203.7146074483976,4.0,3.2952137429351094,3.2952137429351094,-9.858433611628412,0.4285354991259184,0.060778455627094864,0.23030939818915586,0.9056754596297867,0.6108439948253676,0.2770745556324842,4.996376330731004
H4043,5.0,1.3291262663370629,3.2796769782574975,-9.756281081712228,4.0,0.8687398567796473,0.8687398567796473,0.2452910612424779,0.3603962517156728,0.3137332931639738,0.14423112332334168,1.2615339473973066,1.5428295879969518,0.2798560747159626,4.999999999999999
H4045,6.0,1.4572996029912475,4.598841952270491,-20.14934730196307,0.0,,,,0.050000064895409306,0.3792836885165112,1.4762019514055624,1.4925000000000002,0.4651669048576947,0.3919348634012349,4.99999999999765
M2008,6.0,1.4908308871160116,4.773725738649379,-21.788457427843554,6.0,0.7380133627654587,0.7380133627654587,0.4553362763796195,0.6123375097596608,0.5876745095797044,3.018756233233635e-07,0.006123858823930961,4.9999999927587115,0.18293018814890408,4.999999999999999
M2014,6.0,1.5926631534534679,13.315151800647987,-176.29326747429937,4.0,6.426189992592347,6.426189992592348,-40.29591782089403,0.0511109631258702,1.7063662718541922e-05,1.4999946088413505,0.6797180847490321,4.999992634297098,0.3305997838827785,4.999999999999999
M2021,4.0,1.466575419650078,12.02726594970157,-143.65512622485085,4.0,4.014192251347625,4.014192251347625,-15.113739430779312,0.49898844214140464,1.4375144053260498,0.1755828986839169,0.07938267894905254,0.333115480063233,0.2611367265634386,4.999999925769252
M2025,5.0,1.418838079360479,4.4910006095155675,-19.169086474669196,4.0,0.9007668861214974,0.9007668861214975,0.18861901686698124,0.5440145081057903,0.5083525029664878,0.7776681261296896,0.41826176749796995,3.7805998865258865,0.31824396405731564,4.999999999999999
M2026,5.0,1.5960803375994526,8.983670964719634,-79.7063440023466,2.0,7.699239450246039,7.699239450246039,-58.27828811222493,0.05000000000000001,8.860425291556292e-09,1.499999973720529,8.761104799205405e-09,4.9999985255236155,0.34250313692239576,4.9999999944136695
M2027,5.0,1.476161997154112,32.27523154594347,-1040.6905713442643,2.0,12.304745520225103,,,0.05000000000000599,1.900338804275276,1.49999999999968,0.21166144134920226,4.72725693855376,0.3797305229338434,4.999999999997133
M2028,5.0,1.30731057393825,8.94884820644587,-79.08188422200948,5.0,1.6353662223736711,1.6353662223736711,-1.6744226812807312,0.4273217494522821,0.3701174835951319,3.2044937725452254e-05,1.2452552056935205e-06,0.30888220379686765,0.2465645280107938,4.999999999999999
M2034,5.0,1.4186793216352394,1.8486944623281103,-2.4176712150426205,4.0,1.1308275659185099,1.13082756591851,-0.27877098384118204,0.76551082265459,0.45465352662139236,0.3468186343622653,0.5298033756858966,1.0858752771957878,0.05000024868538998,4.999999998482552
M2039,5.0,1.3324415138755292,8.636537672701223,-73.58978297198749,0.0,,,,0.05000000000000001,1.9884578065813312,1.4999999999999998,1.492500000000009,0.300661562597558,0.35878528646402497,4.999999999999999
M2041,5.0,1.1989615240378966,4.006844864137573,-15.054805765265641,0.0,,,,0.05000000000000056,1.9992810888978068,1.4999999986215284,0.007499999999999616,4.962195457116508,0.3460471384874314,4.999999999999756
M2042,5.0,1.3356138221984446,48.506090920056664,-2351.8408563448033,0.0,,,,0.05000005448679001,1.9999999903211678,1.499999990371328,0.4434745052738671,4.999999966757582,0.3500202596091317,4.999999887328973
M2047,6.0,1.4713558225872396,9.192308499740681,-83.49853555440477,0.0,,,,0.05000000000003857,2.4248327897898452e-11,1.49999999980349,1.496943313092649,4.999999931742952,0.3934603379044075,4.999999999220654
M2060,4.0,0.4139640815055819,1.3523942560175388,-0.8289702237092325,0.0,,,,0.05000000000000001,4.336445157579047e-25,1.4999999999999998,0.18914034215677325,2.2623360760523212,0.1301230414501058,4.999999999999999
M2061,7.0,1.5007217572041123,11.290566346144558,-126.47688841669205,0.0,,,,0.05000000000712289,1.9999463852273331,1.4999998621717974,0.25430700171050485,4.999886010441009,0.4188680490808344,4.99999999801806
M2064,5.0,1.7204732372936156,5.887291003348649,-33.66019535810994,5.0,2.342183660936397,2.342183660936397,-4.4858243015574235,0.5051960430127608,1.7266310602724695,0.1510041207588159,1.0507175875676877,0.44906873295362126,0.2594029952336292,4.999969710974972
M2068,4.0,1.2438527003291695,4.141080992288802,-16.148551784695602,4.0,1.1091369534051616,1.1091369534051616,-0.23018478140888377,1.411566857544003,0.5867044594152845,0.3301913980817452,0.9522901334452306,1.3475393924652752,0.21256205898664654,4.999997888998583
M2069,6.0,1.6222669243511452,8.862307993329313,-77.54050296862863,6.0,3.004384577548862,3.004384577548862,-8.026326689813454,0.1255905946555915,0.09857589140004662,0.0002719601961643497,1.4925000000000002,1.2817860407209294,0.26585606883621726,4.999999999999994
M2071,5.0,1.6974397931863934,10.743431363305803,-114.42131745806275,5.0,0.9383210023424048,0.9383210023424048,0.11955369656314485,0.4424821150133016,0.4193611054540681,0.017652473986488827,0.015020269408202518,2.3746177621086915,0.26668782778470546,4.999999999999999
M2072,5.0,1.4266114191869026,7.324677674071519,-52.65090302904175,0.0,,,,0.050000000000000086,1.0034277938884197e-08,1.4999999346596267,6.673600320555092e-09,4.999965371707437,0.31465148437825546,4.999999914168946
M2075,6.0,1.4239562585813281,9.392881546412305,-87.2262237449328,0.0,,,,0.050000000000047326,1.999955106588164,1.4999999997457492,0.007499999999988434,4.999283253416289,0.3714157074367891,4.99999999998992
M2077,6.0,1.2927374716961462,11.812265502070762,-138.52961629141106,0.0,,,,0.050000000026835176,1.0707604057595947,1.4999999999940166,3.450803281524516e-12,0.30082264745131565,0.3091891951193324,4.999999999927813
M2079,5.0,1.3207237193857948,9.750266660368476,-94.06769994829303,0.0,,,,0.05000000000000006,1.534895095648474,1.4999999999786318,0.007500000000006619,4.989846390546965,0.36870303091333384,4.999999999999964
M2083,5.0,0.9336656622908054,8.369241174386936,-69.04419783505362,5.0,1.0973519560636118,1.097351956063612,-0.20418131547663543,0.05075583765811686,0.03685153946437232,0.00030112458425232176,1.208957128144567,0.3000436066416148,0.21520951664966098,4.999999999999999
M2084,6.0,1.4884424804395444,15.042056223477786,-225.26345543026673,0.0,,,,0.05000000000002209,1.9999999999999993,1.4999999999999982,0.5395663674328941,4.999999999944734,0.41693030032481054,4.999999999999958
M2085,7.0,1.7516892054414395,9.615152952381258,-91.45116629768603,5.0,1.0398392919030817,1.0398392919030819,-0.08126575298550232,1.57999958974339,0.5913507936252219,0.13048626660100412,1.036845080317674,0.41086774716611396,0.3275922049416188,4.999999999444818
M2097,5.0,1.2223073738241252,7.280545810328971,-52.00634729629874,0.0,,,,0.050000006252810376,1.9999999999396465,1.4999999997884843,0.1163789235393426,4.9999999997872235,0.38558701254318367,4.999999999530474
P6005,6.0,1.6609866182931208,5.657220769930812,-31.00414683973657,3.0,1.3672085981576658,1.3672085981576658,-0.8692593508762496,0.38106037674107507,0.3584498996518866,0.036808679049679244,1.4925000000030249,0.35772712096924825,0.3520198790663619,4.999999996232925
P6009,6.0,1.5540418604473454,8.706656007675308,-74.80585883598854,6.0,1.0396660992843447,1.0396660992843447,-0.08090559800112485,0.4691352430167596,0.42958853674137165,0.014138103309563855,1.4873363600498635,0.30154130383018257,0.283279037915476,4.999999999999999
P6010,6.0,1.6304761530438545,1.7876391441696398,-2.195653709767562,6.0,1.1504043441677931,1.1504043441677934,-0.3234301550801306,0.3236565548790623,0.47426554019464595,0.03865085621065605,7.53596164390403e-06,4.996450706228835,0.26306953747758494,4.999999999999931
P6013,4.0,1.2331903191103168,10.666402951184832,-112.77215191704448,3.0,0.9466951673905516,,,0.45899766091089717,0.40879605017661386,0.007783830419966602,0.007500000000000067,4.999999994882399,0.23109386011666277,4.999999999999999
P6016,6.0,0.9740900050869484,2.666359120522916,-6.109470959595736,2.0,7.995542623160398,,,0.05000000000000001,9.326569525423017e-17,1.499999999999998,1.5621957707308473e-16,0.30029349136929745,0.2705945023264736,4.999999999999999
P6018,5.0,1.1956455412514575,4.790867888875359,-21.95241512865704,0.0,,,,0.0500000000000005,1.999999999999944,1.499999999999999,1.0321033370176262,0.3000000000000008,0.31238886405446825,4.999999999999979
P6024,4.0,1.1099841550262135,8.827619042195622,-76.92685795413475,4.0,1.1266182446635482,1.1266182446635482,-0.26926866920877446,1.76153683380937,0.8078262132236308,0.06400411619879205,1.3085018111026614,0.39416712830057105,0.21086930394563003,4.9999999956306596
P6028,6.0,0.17484015321821816,1.5302138153729328,-1.341554320758188,3.0,1.1051864377683245,1.1051864377683245,-0.22143706222703874,0.8853098766078003,0.3334173497071843,0.00536977597140849,0.4858646903591082,3.111450357392722,0.05000003036210297,4.388246876105547
P6033,4.0,1.3284027058270014,12.298341008365487,-150.2491915580442,4.0,1.4224293177944989,1.4224293177944989,-1.0233051641213233,0.1545188272799731,0.13952376227156862,0.05251991051705534,0.3918924953281855,0.3778528783266726,0.23638723319626434,4.999999999999999
P6035,4.0,1.2763386554410736,25.81021591675325,-665.1672456694229,3.0,12.394335037638012,12.394335037638012,-152.61954102522125,0.050000000002528286,5.290554251614266e-13,1.4999999999964213,1.2172176787889089,0.30000000000001303,0.3344696412125341,4.999999999978228
P6037,4.0,1.244853958606964,6.007516788829273,-35.09025796806558,2.0,11.992517155255253,11.992517155255253,-142.82046771909157,0.05000000000000001,1.5320683575823044e-27,1.4999999999999998,1.940698496252492e-24,0.3128796398457978,0.301273902194065,4.999999999999999
P6038,5.0,1.461299426824794,22.584407068923266,-509.05544265483104,5.0,2.5163194955099772,2.5163194955099772,-5.331863803483587,0.6983529703288294,0.6958156785567061,9.307941587710795e-12,0.00209140345151516,0.32312124626103356,0.2746807315282592,4.999999999999999
