{
  "subject": "C3032",
  "theta_subj_names": [
    "r_M",
    "gamma",
    "sigma_F",
    "sigma_A",
    "p_max",
    "s_B",
    "a_B"
  ],
  "theta_subj": [
    0.05000000000000001,
    5.418857549734333e-18,
    1.4999999999999998,
    1.6168087452405235e-16,
    4.999999999999922,
    0.4193380141892243,
    4.999999999999999
  ],
  "cost": 718.978550391845,
  "nfev": 11,
  "status": 2,
  "message": "`ftol` termination condition is satisfied.",
  "use_logB": true,
  "logbase": "10",
  "min_H_points": 3,
  "globals": {
    "r_C": 0.7,
    "K_M": 1.0,
    "K_C": 1.0,
    "u": 0.05,
    "k_B": 0.08,
    "g": 1.0,
    "K_B": 0.6,
    "n": 2.0,
    "d0": 0.08,
    "chi": 0.4,
    "H_I": 0.5,
    "eta": 6.0,
    "H_on": 0.3,
    "H_off": 0.7,
    "eps": 0.05,
    "k_on": 0.2,
    "k_off": 0.2,
    "p_min": 0.2,
    "alpha": 0.4,
    "beta": 0.4
  },
  "metrics": {
    "n_obs_B": 8.0,
    "RMSE_B": 1.2756499554106235,
    "NRMSE_B": 11.23651812067914,
    "R2_B": -125.25933947635069,
    "n_obs_H": 4.0,
    "RMSE_H": 10.34265905090278,
    "NRMSE_H": NaN,
    "R2_H": NaN
  }
}