{
  "subject": "C3035",
  "theta_subj_names": [
    "r_M",
    "gamma",
    "sigma_F",
    "sigma_A",
    "p_max",
    "s_B",
    "a_B"
  ],
  "theta_subj": [
    0.2621059903129902,
    0.2698321094746884,
    0.10016024410096841,
    1.1462019969919153,
    0.3366627037917843,
    0.279458856191195,
    4.999999999999999
  ],
  "cost": 300.0026045532512,
  "nfev": 40,
  "status": 2,
  "message": "`ftol` termination condition is satisfied.",
  "use_logB": true,
  "logbase": "10",
  "min_H_points": 3,
  "globals": {
    "r_C": 0.7,
    "K_M": 1.0,
    "K_C": 1.0,
    "u": 0.05,
    "k_B": 0.08,
    "g": 1.0,
    "K_B": 0.6,
    "n": 2.0,
    "d0": 0.08,
    "chi": 0.4,
    "H_I": 0.5,
    "eta": 6.0,
    "H_on": 0.3,
    "H_off": 0.7,
    "eps": 0.05,
    "k_on": 0.2,
    "k_off": 0.2,
    "p_min": 0.2,
    "alpha": 0.4,
    "beta": 0.4
  },
  "metrics": {
    "n_obs_B": 5.0,
    "RMSE_B": 1.563608517504684,
    "NRMSE_B": 10.871703173071712,
    "R2_B": -117.19392988337755,
    "n_obs_H": 4.0,
    "RMSE_H": 1.502960386172451,
    "NRMSE_H": 1.5029603861724512,
    "R2_H": -1.2588899224036436
  }
}