{
  "subject": "M2026",
  "theta_subj_names": [
    "r_M",
    "gamma",
    "sigma_F",
    "sigma_A",
    "p_max",
    "s_B",
    "a_B"
  ],
  "theta_subj": [
    0.05000000000000001,
    1.9999999999999998,
    1.4999999999999998,
    2.0329089768495667e-21,
    4.999990722393968,
    0.36290369001506945,
    4.999999999999999
  ],
  "cost": 188.42637733702355,
  "nfev": 21,
  "status": 2,
  "message": "`ftol` termination condition is satisfied.",
  "use_logB": true,
  "logbase": "10",
  "min_H_points": 3,
  "globals": {
    "r_C": 0.7,
    "K_M": 1.0,
    "K_C": 1.0,
    "u": 0.05,
    "k_B": 0.08,
    "g": 1.0,
    "K_B": 0.6,
    "n": 2.0,
    "d0": 0.08,
    "chi": 0.4,
    "H_I": 0.5,
    "eta": 6.0,
    "H_on": 0.3,
    "H_off": 0.7,
    "eps": 0.05,
    "k_on": 0.2,
    "k_off": 0.2,
    "p_min": 0.2,
    "alpha": 0.4,
    "beta": 0.4
  },
  "metrics": {
    "n_obs_B": 5.0,
    "RMSE_B": 1.542416829729188,
    "NRMSE_B": 8.681621446182126,
    "R2_B": -74.37055093480942,
    "n_obs_H": 2.0,
    "RMSE_H": 7.905682412999713,
    "NRMSE_H": 7.905682412999713,
    "R2_H": -61.49981441521297
  }
}