{
  "subject": "M2014",
  "theta_subj_names": [
    "r_M",
    "gamma",
    "sigma_F",
    "sigma_A",
    "p_max",
    "s_B",
    "a_B"
  ],
  "theta_subj": [
    0.1039601502959155,
    1.999781922113595,
    1.4967572569778935,
    1.2178170209271788,
    4.996580990560638,
    0.3458612511169674,
    4.9999986319254095
  ],
  "cost": 576.5388954309649,
  "nfev": 23,
  "status": 3,
  "message": "`xtol` termination condition is satisfied.",
  "use_logB": true,
  "logbase": "10",
  "min_H_points": 3,
  "globals": {
    "r_C": 0.7,
    "K_M": 1.0,
    "K_C": 1.0,
    "u": 0.05,
    "k_B": 0.08,
    "g": 1.0,
    "K_B": 0.6,
    "n": 2.0,
    "d0": 0.08,
    "chi": 0.4,
    "H_I": 0.5,
    "eta": 6.0,
    "H_on": 0.3,
    "H_off": 0.7,
    "eps": 0.05,
    "k_on": 0.2,
    "k_off": 0.2,
    "p_min": 0.2,
    "alpha": 0.4,
    "beta": 0.4
  },
  "metrics": {
    "n_obs_B": 6.0,
    "RMSE_B": 1.5588413658758768,
    "NRMSE_B": 13.032391296778485,
    "R2_B": -168.84322291234756,
    "n_obs_H": 4.0,
    "RMSE_H": 5.788316970152991,
    "NRMSE_H": 5.788316970152992,
    "R2_H": -32.50461334696111
  }
}