{
  "subject": "M2072",
  "theta_subj_names": [
    "r_M",
    "gamma",
    "sigma_F",
    "sigma_A",
    "p_max",
    "s_B",
    "a_B"
  ],
  "theta_subj": [
    0.05000000000000001,
    9.881539251963801e-09,
    1.4999998297400094,
    9.218301130945638e-09,
    4.999983320066863,
    0.3259386396352026,
    4.999999977818437
  ],
  "cost": 128.79193968701446,
  "nfev": 45,
  "status": 2,
  "message": "`ftol` termination condition is satisfied.",
  "use_logB": true,
  "logbase": "10",
  "min_H_points": 3,
  "globals": {
    "r_C": 0.7,
    "K_M": 1.0,
    "K_C": 1.0,
    "u": 0.05,
    "k_B": 0.08,
    "g": 1.0,
    "K_B": 0.6,
    "n": 2.0,
    "d0": 0.08,
    "chi": 0.4,
    "H_I": 0.5,
    "eta": 6.0,
    "H_on": 0.3,
    "H_off": 0.7,
    "eps": 0.05,
    "k_on": 0.2,
    "k_off": 0.2,
    "p_min": 0.2,
    "alpha": 0.4,
    "beta": 0.4
  },
  "metrics": {
    "n_obs_B": 5.0,
    "RMSE_B": 1.3979496043839856,
    "NRMSE_B": 7.177518782616021,
    "R2_B": -50.51677587480577,
    "n_obs_H": 0.0,
    "RMSE_H": NaN,
    "NRMSE_H": NaN,
    "R2_H": NaN
  }
}