{
  "subject": "H4013",
  "theta_subj_names": [
    "r_M",
    "gamma",
    "sigma_F",
    "sigma_A",
    "p_max",
    "s_B",
    "a_B"
  ],
  "theta_subj": [
    0.05000000000000001,
    9.838526496142684e-26,
    1.4999999999999998,
    5.341997635422493e-22,
    4.9561132788556,
    0.40236634280303374,
    4.999999999999999
  ],
  "cost": 374.64319087323474,
  "nfev": 20,
  "status": 2,
  "message": "`ftol` termination condition is satisfied.",
  "use_logB": true,
  "logbase": "10",
  "min_H_points": 3,
  "globals": {
    "r_C": 0.7,
    "K_M": 1.0,
    "K_C": 1.0,
    "u": 0.05,
    "k_B": 0.08,
    "g": 1.0,
    "K_B": 0.6,
    "n": 2.0,
    "d0": 0.08,
    "chi": 0.4,
    "H_I": 0.5,
    "eta": 6.0,
    "H_on": 0.3,
    "H_off": 0.7,
    "eps": 0.05,
    "k_on": 0.2,
    "k_off": 0.2,
    "p_min": 0.2,
    "alpha": 0.4,
    "beta": 0.4
  },
  "metrics": {
    "n_obs_B": 5.0,
    "RMSE_B": 1.6548566824400728,
    "NRMSE_B": 12.241620658609458,
    "R2_B": -148.8572763492939,
    "n_obs_H": 0.0,
    "RMSE_H": NaN,
    "NRMSE_H": NaN,
    "R2_H": NaN
  }
}