{
  "subject": "M2028",
  "theta_subj_names": [
    "r_M",
    "gamma",
    "sigma_F",
    "sigma_A",
    "p_max",
    "s_B",
    "a_B"
  ],
  "theta_subj": [
    0.1000563676733265,
    1.6369400148371727,
    0.00149818890465078,
    0.07802069107442597,
    0.3110268302505406,
    0.23540624239686483,
    4.999999999974122
  ],
  "cost": 214.22346299051662,
  "nfev": 36,
  "status": 2,
  "message": "`ftol` termination condition is satisfied.",
  "use_logB": true,
  "logbase": "10",
  "min_H_points": 3,
  "globals": {
    "r_C": 0.7,
    "K_M": 1.0,
    "K_C": 1.0,
    "u": 0.05,
    "k_B": 0.08,
    "g": 1.0,
    "K_B": 0.6,
    "n": 2.0,
    "d0": 0.08,
    "chi": 0.4,
    "H_I": 0.5,
    "eta": 6.0,
    "H_on": 0.3,
    "H_off": 0.7,
    "eps": 0.05,
    "k_on": 0.2,
    "k_off": 0.2,
    "p_min": 0.2,
    "alpha": 0.4,
    "beta": 0.4
  },
  "metrics": {
    "n_obs_B": 5.0,
    "RMSE_B": 1.3247372966158633,
    "NRMSE_B": 9.068138219918335,
    "R2_B": -81.23113077554369,
    "n_obs_H": 5.0,
    "RMSE_H": 1.8596382499462052,
    "NRMSE_H": 1.8596382499462052,
    "R2_H": -2.458254420662984
  }
}