{
  "subject": "C3015",
  "theta_subj_names": [
    "r_M",
    "gamma",
    "sigma_F",
    "sigma_A",
    "p_max",
    "s_B",
    "a_B"
  ],
  "theta_subj": [
    0.05000000000000007,
    1.9999999989678805,
    1.4999999998699411,
    0.0049274176880631515,
    4.9999999886500985,
    0.2691396147514676,
    4.999999999750077
  ],
  "cost": 14.970834418642967,
  "nfev": 23,
  "status": 2,
  "message": "`ftol` termination condition is satisfied.",
  "use_logB": true,
  "logbase": "10",
  "min_H_points": 3,
  "globals": {
    "r_C": 0.7,
    "K_M": 1.0,
    "K_C": 1.0,
    "u": 0.05,
    "k_B": 0.08,
    "g": 1.0,
    "K_B": 0.6,
    "n": 2.0,
    "d0": 0.08,
    "chi": 0.4,
    "H_I": 0.5,
    "eta": 6.0,
    "H_on": 0.3,
    "H_off": 0.7,
    "eps": 0.05,
    "k_on": 0.2,
    "k_off": 0.2,
    "p_min": 0.2,
    "alpha": 0.4,
    "beta": 0.4
  },
  "metrics": {
    "n_obs_B": 5.0,
    "RMSE_B": 0.9735808066834211,
    "NRMSE_B": 2.447107224348207,
    "R2_B": -4.988333767457188,
    "n_obs_H": 2.0,
    "RMSE_H": 8.054459302357648,
    "NRMSE_H": 8.054459302357648,
    "R2_H": -63.87431465333566
  }
}