{
  "subject": "E5004",
  "theta_subj_names": [
    "r_M",
    "gamma",
    "sigma_F",
    "sigma_A",
    "p_max",
    "s_B",
    "a_B"
  ],
  "theta_subj": [
    1.240661502460674,
    1.5637107617240693,
    0.23356985460872887,
    1.2999041281288237,
    0.37150389776018666,
    0.15291486077213193,
    4.999999999302882
  ],
  "cost": 87.82822478072,
  "nfev": 36,
  "status": 3,
  "message": "`xtol` termination condition is satisfied.",
  "use_logB": true,
  "logbase": "10",
  "min_H_points": 3,
  "globals": {
    "r_C": 0.7,
    "K_M": 1.0,
    "K_C": 1.0,
    "u": 0.05,
    "k_B": 0.08,
    "g": 1.0,
    "K_B": 0.6,
    "n": 2.0,
    "d0": 0.08,
    "chi": 0.4,
    "H_I": 0.5,
    "eta": 6.0,
    "H_on": 0.3,
    "H_off": 0.7,
    "eps": 0.05,
    "k_on": 0.2,
    "k_off": 0.2,
    "p_min": 0.2,
    "alpha": 0.4,
    "beta": 0.4
  },
  "metrics": {
    "n_obs_B": 5.0,
    "RMSE_B": 1.3587534586713024,
    "NRMSE_B": 5.279403747699513,
    "R2_B": -26.87210393122367,
    "n_obs_H": 5.0,
    "RMSE_H": 2.694287657445717,
    "NRMSE_H": 2.6942876574457166,
    "R2_H": -6.2591859810643244
  }
}